N,P,K,temperature,soil_moisture,ph,crop
186,60,165,26.2,73.8,6.94,Rice
188,62,193,31.5,72.6,6.91,Rice
244,83,206,31.9,61.7,6.18,Rice
195,110,154,30.1,80.6,6.28,Rice
205,114,200,31.2,68.7,6.86,Rice
196,120,166,30.3,83.9,5.94,Rice
222,120,162,28.1,71.0,5.84,Rice
215,97,213,28.1,65.2,6.18,Rice
197,83,158,28.1,62.2,6.47,Rice
240,113,150,27.0,72.6,6.93,Rice
260,80,207,24.8,75.4,6.62,Rice
254,80,155,28.9,62.0,5.89,Rice
227,117,169,24.3,78.3,5.85,Rice
184,60,185,26.6,69.3,6.78,Rice
207,95,152,25.2,75.3,5.92,Rice
180,91,214,27.7,61.6,6.44,Rice
235,93,204,27.4,83.6,6.79,Rice
229,69,190,27.7,62.3,6.29,Rice
194,109,179,27.8,72.0,6.3,Rice
186,84,167,25.6,62.9,5.99,Rice
238,92,195,28.3,78.4,6.23,Rice
182,81,212,25.1,71.7,6.63,Rice
206,78,199,31.0,74.1,6.36,Rice
207,92,153,30.4,70.8,6.53,Rice
242,74,197,26.8,83.5,6.17,Rice
245,90,166,29.5,68.2,5.98,Rice
230,118,155,28.8,76.1,6.63,Rice
257,112,218,31.6,65.0,6.81,Rice
229,103,193,30.6,67.6,6.89,Rice
238,109,198,31.7,61.4,5.84,Rice
232,66,190,26.0,75.8,5.85,Rice
238,109,168,26.6,61.7,6.29,Rice
243,84,154,30.5,81.0,5.98,Rice
240,105,155,28.3,71.0,6.78,Rice
259,90,213,25.1,79.0,6.22,Rice
227,116,185,25.9,61.1,5.87,Rice
259,86,176,31.9,66.3,6.19,Rice
212,92,152,29.7,70.6,6.45,Rice
209,97,218,27.9,75.6,6.88,Rice
251,60,177,26.7,63.6,5.86,Rice
252,82,206,28.3,74.1,6.79,Rice
212,89,164,24.2,77.0,6.19,Rice
211,64,155,24.5,75.2,6.86,Rice
228,71,206,26.1,69.3,6.64,Rice
197,104,178,25.7,70.3,5.94,Rice
205,84,216,30.9,65.0,6.24,Rice
219,116,183,26.4,66.0,6.2,Rice
211,60,171,25.3,73.3,6.77,Rice
198,77,209,31.2,67.9,6.34,Rice
183,98,157,27.6,74.7,6.07,Rice
190,102,156,27.2,63.6,6.45,Rice
235,107,182,27.4,78.7,5.87,Rice
212,67,196,25.7,65.2,6.32,Rice
194,64,192,29.0,78.3,6.92,Rice
231,99,200,24.4,76.5,6.48,Rice
191,86,210,27.6,61.3,6.71,Rice
220,88,192,26.7,74.0,5.95,Rice
199,102,193,26.0,70.5,6.28,Rice
216,102,199,25.4,75.6,6.91,Rice
208,71,161,25.8,82.9,5.82,Rice
213,100,197,27.7,70.8,5.82,Rice
241,78,183,28.0,71.2,6.78,Rice
218,117,197,25.6,65.6,6.79,Rice
195,100,185,30.3,80.0,6.24,Rice
210,85,179,27.7,70.5,6.45,Rice
237,64,190,29.5,68.1,6.55,Rice
223,108,179,27.7,69.1,6.98,Rice
243,108,187,27.9,72.3,6.26,Rice
258,103,205,29.8,68.0,6.87,Rice
222,81,198,24.4,67.5,6.31,Rice
228,61,175,29.1,67.1,6.03,Rice
257,100,205,31.4,71.3,6.8,Rice
182,93,204,31.6,77.9,6.03,Rice
207,81,166,24.6,66.1,6.36,Rice
248,68,172,27.4,80.8,5.91,Rice
254,115,215,24.2,63.9,6.24,Rice
259,97,202,29.3,63.9,6.12,Rice
201,96,154,28.2,67.4,6.65,Rice
219,85,181,30.1,76.4,6.28,Rice
200,76,193,30.0,65.7,6.34,Rice
226,107,220,27.7,82.7,6.01,Rice
237,112,188,27.8,71.6,5.85,Rice
225,82,151,25.6,67.8,5.87,Rice
260,75,185,26.0,65.5,5.92,Rice
245,81,176,29.0,80.9,6.23,Rice
243,110,162,25.2,72.5,6.77,Rice
185,70,194,31.6,62.9,6.32,Rice
192,72,192,27.3,61.6,6.89,Rice
180,73,186,28.5,78.2,6.48,Rice
248,92,152,25.7,73.4,6.08,Rice
223,92,183,28.4,83.9,6.92,Rice
244,83,195,28.4,76.8,6.52,Rice
214,109,199,27.4,70.9,6.64,Rice
246,118,156,29.7,68.9,6.04,Rice
189,62,207,27.4,77.5,6.25,Rice
240,95,207,31.1,61.5,6.27,Rice
184,80,180,27.3,79.3,6.23,Rice
196,109,162,25.6,84.8,6.65,Rice
189,95,164,29.2,73.0,6.16,Rice
188,102,164,31.6,78.6,6.43,Rice
259,68,177,25.9,78.1,6.41,Rice
228,108,177,26.4,67.5,6.02,Rice
237,75,204,31.8,62.0,6.04,Rice
184,60,220,26.6,64.1,6.46,Rice
206,78,154,26.9,80.3,6.12,Rice
240,112,159,32.0,78.4,5.84,Rice
240,113,165,24.3,66.0,5.97,Rice
221,60,217,29.7,67.0,6.94,Rice
220,70,219,29.7,69.8,6.31,Rice
228,113,162,24.9,68.9,6.14,Rice
207,82,216,30.8,73.1,6.07,Rice
259,91,169,30.6,68.9,6.15,Rice
193,114,150,30.7,83.3,6.86,Rice
202,64,162,26.5,76.5,6.26,Rice
184,64,158,25.3,74.0,5.9,Rice
181,107,172,28.8,61.1,5.85,Rice
220,77,176,30.8,66.4,6.8,Rice
228,90,206,30.2,66.7,6.99,Rice
216,63,215,30.0,72.3,5.95,Rice
244,61,209,27.7,71.5,5.94,Rice
200,70,164,26.8,73.1,6.15,Rice
211,97,172,29.1,73.6,6.16,Rice
208,82,218,31.4,70.5,6.29,Rice
189,96,170,24.2,84.0,6.0,Rice
205,106,169,24.1,63.0,6.31,Rice
228,75,203,24.1,61.6,6.94,Rice
235,79,173,28.6,74.2,6.79,Rice
203,107,201,28.3,79.8,6.55,Rice
192,79,203,28.0,84.4,6.76,Rice
245,93,213,26.3,83.0,6.21,Rice
220,86,185,26.5,76.0,6.93,Rice
216,112,201,24.9,81.7,6.21,Rice
241,94,215,24.9,61.3,6.38,Rice
199,117,161,28.1,77.9,6.58,Rice
211,92,175,30.8,80.2,5.92,Rice
237,105,197,28.4,64.2,6.98,Rice
244,92,151,31.9,60.1,6.25,Rice
257,107,162,30.0,74.5,5.89,Rice
219,89,179,27.4,64.2,6.06,Rice
257,81,156,28.6,67.4,6.05,Rice
251,66,181,32.0,64.5,6.87,Rice
210,109,212,28.4,67.6,6.87,Rice
246,105,204,30.0,68.0,6.44,Rice
242,105,170,26.5,76.1,5.85,Rice
197,78,219,26.4,66.9,6.6,Rice
215,77,205,26.2,60.3,6.76,Rice
181,71,165,26.3,64.4,6.73,Rice
225,117,150,31.1,65.6,6.96,Rice
213,110,215,24.0,64.3,6.06,Rice
231,112,188,27.6,75.5,6.92,Rice
245,102,177,29.0,69.2,6.81,Rice
249,117,220,28.1,62.5,6.44,Rice
182,115,180,25.2,73.0,6.42,Rice
202,107,195,27.4,73.0,5.86,Rice
214,117,220,26.8,68.6,6.81,Rice
202,72,207,24.1,76.2,6.94,Rice
184,64,181,25.7,78.7,6.9,Rice
220,104,171,28.9,71.6,6.46,Rice
240,83,177,24.8,72.8,6.19,Rice
258,105,195,27.7,81.7,6.9,Rice
233,70,150,26.8,76.9,6.88,Rice
194,100,194,28.9,82.5,6.48,Rice
248,85,160,31.3,79.5,6.03,Rice
208,65,185,31.5,64.4,5.81,Rice
240,82,161,25.2,83.5,6.8,Rice
194,78,200,25.3,61.4,6.82,Rice
192,114,187,24.4,80.0,6.24,Rice
193,107,193,25.6,75.0,5.89,Rice
226,115,217,25.1,84.8,6.26,Rice
233,105,201,25.6,80.3,6.43,Rice
243,83,189,28.3,64.5,5.91,Rice
220,117,181,27.3,77.6,6.13,Rice
233,65,214,31.8,64.9,6.7,Rice
248,90,196,27.1,80.1,6.23,Rice
224,92,162,30.3,83.5,6.95,Rice
192,117,150,27.7,67.8,6.5,Rice
248,120,194,24.5,72.2,6.11,Rice
239,116,217,29.9,64.4,6.71,Rice
224,95,188,29.3,77.1,6.11,Rice
238,109,199,29.1,75.6,6.92,Rice
191,84,150,29.7,62.7,6.51,Rice
238,84,192,29.3,74.5,6.99,Rice
211,118,192,24.3,66.8,5.9,Rice
249,73,157,28.3,74.6,6.95,Rice
219,99,154,24.5,72.4,6.21,Rice
237,120,217,27.3,73.4,5.99,Rice
250,116,209,26.8,68.6,6.5,Rice
229,107,164,29.7,72.2,5.93,Rice
258,91,176,28.0,71.9,5.96,Rice
207,66,197,26.7,76.2,6.39,Rice
201,84,216,31.4,73.8,5.95,Rice
182,81,175,25.8,77.6,6.1,Rice
200,70,166,28.3,65.9,6.67,Rice
260,68,183,28.9,65.6,6.05,Rice
216,118,191,28.9,76.7,6.46,Rice
253,118,155,30.0,78.1,6.64,Rice
217,98,184,30.7,67.9,6.26,Rice
202,77,179,24.3,75.7,6.36,Rice
254,60,160,24.3,75.5,5.87,Rice
255,94,204,30.8,79.8,6.23,Rice
195,66,207,30.2,72.5,6.86,Rice
197,60,166,26.9,69.1,6.03,Rice
217,114,190,29.6,74.2,5.96,Rice
246,99,176,28.0,65.2,6.69,Rice
258,90,210,25.0,76.5,6.86,Rice
255,118,182,29.3,82.2,6.65,Rice
221,80,186,27.4,83.6,6.16,Rice
185,116,203,28.6,76.1,6.62,Rice
230,116,150,31.1,80.2,6.1,Rice
259,66,196,26.5,81.6,6.46,Rice
259,104,213,27.2,79.5,6.94,Rice
229,67,204,25.9,76.7,6.84,Rice
245,69,160,28.9,81.2,5.92,Rice
223,117,192,26.2,73.3,6.95,Rice
202,112,202,25.6,75.2,6.02,Rice
202,65,214,25.0,69.0,6.3,Rice
198,113,197,28.9,69.0,6.95,Rice
241,108,208,30.0,67.1,6.49,Rice
249,95,160,24.4,69.3,6.44,Rice
230,111,163,27.9,62.0,6.5,Rice
243,83,157,31.1,66.1,6.76,Rice
228,108,212,31.1,65.3,6.27,Rice
203,73,193,27.1,84.7,6.81,Rice
229,61,168,30.7,65.0,5.96,Rice
238,90,198,28.0,72.5,6.61,Rice
204,63,196,30.0,66.4,6.53,Rice
185,119,202,26.4,72.3,6.13,Rice
255,87,198,26.8,78.4,5.8,Rice
196,91,175,31.8,71.0,6.21,Rice
233,64,197,26.3,83.6,6.3,Rice
244,76,197,32.0,67.2,6.51,Rice
205,85,220,28.2,83.8,6.48,Rice
258,94,174,26.0,62.8,6.33,Rice
202,62,181,27.4,74.5,6.57,Rice
224,68,189,28.9,81.6,6.17,Rice
230,85,154,24.4,82.0,6.26,Rice
200,102,189,24.9,75.4,6.53,Rice
210,94,192,27.6,74.8,6.24,Rice
226,117,200,27.2,63.2,6.44,Rice
244,91,177,27.6,71.3,6.82,Rice
258,72,199,30.9,77.9,6.73,Rice
242,107,174,24.8,71.6,6.52,Rice
184,113,209,27.1,73.5,6.66,Rice
247,74,197,26.5,83.8,6.67,Rice
236,60,183,30.8,68.2,6.4,Rice
246,103,163,26.6,74.3,6.88,Rice
253,108,153,24.7,61.1,6.66,Rice
214,92,175,31.0,62.1,6.04,Rice
213,110,192,27.8,84.9,6.05,Rice
243,65,161,30.1,69.7,6.04,Rice
207,115,165,26.6,72.0,6.59,Rice
211,104,188,31.8,67.4,6.26,Rice
185,95,219,27.2,67.5,6.53,Rice
244,111,180,26.7,63.7,6.92,Rice
192,97,192,30.6,82.4,6.38,Rice
222,118,213,27.5,83.5,6.14,Rice
233,119,153,25.6,67.5,5.97,Rice
183,120,179,26.8,80.2,5.97,Rice
233,117,170,29.8,66.5,6.69,Rice
227,91,184,25.0,62.7,6.88,Rice
200,69,206,31.2,75.4,6.18,Rice
227,120,211,29.9,74.5,6.2,Rice
181,92,203,25.1,64.7,6.1,Rice
185,111,162,26.4,73.3,5.84,Rice
196,95,211,24.9,79.7,6.86,Rice
205,92,220,28.0,79.8,5.85,Rice
229,63,153,25.9,70.3,6.51,Rice
234,95,164,29.5,82.1,6.37,Rice
194,75,215,28.1,72.6,6.29,Rice
240,74,159,25.2,83.6,6.14,Rice
237,86,196,24.3,78.4,6.38,Rice
201,74,163,26.7,71.5,6.23,Rice
214,114,184,25.8,76.6,6.09,Rice
254,104,194,28.5,78.2,6.53,Rice
236,97,151,28.4,82.9,6.26,Rice
236,100,151,25.6,66.4,6.83,Rice
243,109,156,27.4,77.6,6.95,Rice
238,74,218,28.6,72.9,5.97,Rice
250,116,185,26.7,78.9,6.75,Rice
218,63,199,28.5,70.1,6.39,Rice
216,118,180,24.7,76.8,5.97,Rice
243,86,211,28.4,72.8,5.94,Rice
194,103,176,28.3,82.4,5.94,Rice
223,90,215,28.3,67.6,5.93,Rice
199,100,151,28.3,63.5,6.4,Rice
184,118,170,31.6,75.7,6.04,Rice
246,82,159,31.1,83.1,6.46,Rice
207,100,154,24.2,68.3,6.38,Rice
231,68,153,28.9,74.9,6.26,Rice
201,84,156,32.0,75.1,6.87,Rice
209,92,197,26.7,68.7,6.61,Rice
252,88,188,30.7,70.6,6.55,Rice
219,106,216,24.0,67.6,6.69,Rice
199,118,153,29.0,75.8,6.65,Rice
210,84,187,30.3,74.7,6.62,Rice
225,85,210,25.3,74.9,6.55,Rice
190,60,178,25.4,77.9,6.05,Rice
205,89,203,27.1,75.4,6.04,Rice
238,119,169,31.3,64.7,6.51,Rice
258,67,174,28.4,67.0,6.77,Rice
258,86,190,27.8,66.6,5.87,Rice
215,104,179,26.6,79.7,6.18,Rice
210,110,154,30.2,81.6,6.74,Rice
228,106,155,28.0,70.8,6.88,Rice
181,78,191,25.0,78.3,5.81,Rice
215,87,186,27.1,61.1,5.99,Rice
197,80,181,26.8,77.9,6.96,Rice
228,94,194,31.4,71.5,5.96,Rice
195,116,202,31.4,68.1,6.13,Rice
230,61,162,25.8,69.1,6.59,Rice
218,111,162,28.3,79.1,6.78,Rice
181,119,192,24.6,71.6,6.35,Rice
248,99,191,24.6,76.6,6.36,Rice
252,101,164,32.0,79.0,5.81,Rice
246,108,212,24.1,66.2,6.02,Rice
247,113,181,25.4,74.5,6.93,Rice
245,95,160,27.3,64.1,6.53,Rice
259,103,213,30.6,64.7,5.86,Rice
216,96,214,29.9,78.0,6.07,Rice
190,119,206,29.8,82.5,6.46,Rice
252,107,164,31.4,80.0,6.78,Rice
207,89,210,27.4,83.9,5.88,Rice
209,108,173,26.6,79.5,5.86,Rice
208,63,159,30.1,80.1,5.81,Rice
200,86,217,29.0,85.0,5.92,Rice
254,113,159,29.6,83.1,6.11,Rice
211,74,164,27.8,78.4,6.87,Rice
205,63,170,30.8,81.3,6.21,Rice
243,63,172,25.4,73.1,6.22,Rice
255,90,165,26.3,71.0,5.94,Rice
256,101,191,29.5,84.5,6.99,Rice
221,113,176,24.1,80.7,6.56,Rice
224,85,199,24.1,64.2,6.82,Rice
242,66,152,26.2,75.9,6.27,Rice
189,112,197,30.6,79.4,6.64,Rice
235,69,220,27.0,74.7,5.96,Rice
191,110,217,27.1,72.7,6.4,Rice
205,102,191,27.8,83.9,6.99,Rice
259,103,196,27.3,60.7,6.27,Rice
243,104,165,28.9,67.4,6.53,Rice
217,109,195,24.2,78.0,6.0,Rice
260,78,155,28.2,63.2,6.8,Rice
238,83,167,31.4,76.4,5.96,Rice
212,92,177,27.1,81.2,6.71,Rice
198,102,180,31.2,82.5,6.78,Rice
187,84,183,27.7,68.6,6.33,Rice
246,73,216,25.7,77.8,6.47,Rice
193,62,217,24.4,61.5,6.44,Rice
223,74,206,31.6,82.3,6.12,Rice
198,117,183,31.5,78.9,6.69,Rice
229,78,200,24.9,67.1,6.98,Rice
238,67,178,31.6,74.3,6.64,Rice
222,83,169,24.6,68.8,5.92,Rice
249,92,209,31.7,82.1,6.47,Rice
199,63,171,26.0,75.8,5.81,Rice
208,93,172,24.5,74.4,6.42,Rice
183,88,165,25.0,69.3,6.49,Rice
241,106,196,26.7,80.9,5.92,Rice
256,61,156,25.5,84.9,5.82,Rice
236,81,211,30.7,76.8,6.29,Rice
183,86,183,30.6,75.7,6.14,Rice
240,68,214,29.5,74.2,6.35,Rice
211,64,161,27.2,83.7,6.87,Rice
222,67,185,30.8,79.7,6.13,Rice
225,75,172,24.3,70.8,6.82,Rice
211,95,153,26.4,61.2,6.2,Rice
232,74,161,30.6,79.8,6.5,Rice
222,91,219,27.8,73.8,6.27,Rice
232,85,169,25.7,66.9,5.81,Rice
203,96,198,31.4,74.3,6.07,Rice
185,68,159,24.3,62.6,6.3,Rice
227,100,191,25.0,67.7,7.0,Rice
194,96,211,27.6,73.6,6.87,Rice
239,84,195,26.6,75.4,5.96,Rice
233,60,165,29.2,76.7,6.28,Rice
253,92,211,29.0,81.9,6.54,Rice
213,64,213,29.2,73.3,6.01,Rice
221,60,185,31.2,83.4,5.9,Rice
231,79,171,31.8,67.9,5.91,Rice
206,92,158,25.7,69.9,6.73,Rice
241,89,187,28.5,67.8,6.12,Rice
200,77,169,28.7,81.4,6.39,Rice
207,84,153,26.3,81.5,6.54,Rice
218,61,192,28.3,68.9,6.53,Rice
187,120,219,30.0,79.1,6.85,Rice
249,118,159,29.5,76.6,6.38,Rice
229,86,197,31.1,78.9,6.66,Rice
255,94,161,28.4,64.0,6.17,Rice
207,64,154,24.1,63.6,6.45,Rice
237,64,186,30.5,70.5,5.88,Rice
205,101,194,24.2,75.2,6.4,Rice
214,67,176,26.8,78.2,6.15,Rice
205,80,152,29.8,62.0,6.9,Rice
254,92,173,30.8,68.8,6.62,Rice
248,90,178,29.4,80.5,6.69,Rice
218,116,193,24.4,75.0,6.04,Rice
180,89,168,30.8,73.3,6.29,Rice
204,116,215,30.9,75.0,6.14,Rice
254,64,184,29.7,67.3,6.71,Rice
206,74,164,30.6,60.1,6.21,Rice
159,68,64,22.0,53.3,7.11,Wheat
111,46,69,25.7,49.4,6.87,Wheat
101,72,114,23.1,49.6,7.06,Wheat
136,66,99,18.4,44.8,6.2,Wheat
117,61,99,22.8,48.8,7.01,Wheat
128,69,118,18.1,44.5,6.04,Wheat
103,66,54,20.3,37.9,6.74,Wheat
147,47,97,22.3,42.2,6.82,Wheat
110,75,88,19.7,35.3,6.47,Wheat
127,66,81,25.8,43.0,6.13,Wheat
120,44,71,19.2,47.6,6.95,Wheat
129,73,72,19.9,51.9,7.46,Wheat
155,59,64,22.8,38.7,6.47,Wheat
153,72,64,18.5,42.6,6.46,Wheat
109,42,116,25.6,46.2,6.78,Wheat
157,53,91,20.4,48.0,6.96,Wheat
149,68,67,21.8,35.4,7.44,Wheat
124,49,92,25.7,38.7,7.49,Wheat
100,61,64,19.5,46.7,6.28,Wheat
136,64,108,18.2,54.6,7.08,Wheat
153,68,111,18.2,40.1,7.18,Wheat
120,69,99,24.1,43.5,6.26,Wheat
118,61,113,21.6,43.5,6.75,Wheat
142,40,76,21.1,50.2,6.82,Wheat
103,46,117,24.9,44.0,6.27,Wheat
131,57,90,23.7,40.1,6.59,Wheat
158,60,115,22.1,49.1,6.23,Wheat
121,51,53,18.4,47.4,7.23,Wheat
149,57,54,21.8,43.5,7.15,Wheat
137,42,67,25.0,41.4,7.1,Wheat
102,63,58,22.6,41.8,6.92,Wheat
103,78,93,21.9,45.6,7.15,Wheat
112,57,103,23.5,47.5,6.78,Wheat
125,55,75,21.8,44.9,6.1,Wheat
128,64,95,22.6,41.5,7.29,Wheat
126,54,56,24.4,43.3,7.48,Wheat
112,46,118,18.9,37.3,6.95,Wheat
116,68,61,18.3,41.8,6.54,Wheat
143,58,75,20.7,36.9,7.28,Wheat
130,63,79,20.7,44.9,6.81,Wheat
107,41,50,25.9,46.0,6.0,Wheat
129,57,51,24.3,39.9,7.06,Wheat
141,67,100,23.2,50.3,6.06,Wheat
105,74,55,22.1,51.7,7.24,Wheat
129,46,89,20.9,54.3,6.7,Wheat
119,46,74,26.0,40.4,6.58,Wheat
135,57,112,22.7,37.2,6.79,Wheat
126,55,74,25.8,39.7,6.21,Wheat
149,72,80,24.8,39.5,6.34,Wheat
140,49,53,23.2,45.4,6.92,Wheat
151,80,105,18.3,37.9,6.45,Wheat
111,65,68,24.3,50.1,6.92,Wheat
101,80,99,19.5,50.9,6.59,Wheat
146,76,83,25.9,51.4,6.39,Wheat
144,47,67,25.9,52.3,6.64,Wheat
147,71,58,18.6,49.7,6.03,Wheat
119,49,66,23.8,43.8,6.31,Wheat
140,66,56,19.3,50.0,6.71,Wheat
102,40,66,23.8,42.0,6.46,Wheat
133,70,70,24.7,51.8,7.31,Wheat
134,55,74,23.8,54.3,6.93,Wheat
121,80,97,23.5,36.7,6.76,Wheat
116,44,111,23.7,48.8,7.05,Wheat
121,80,63,20.0,40.9,6.95,Wheat
128,70,72,21.2,54.4,7.26,Wheat
157,41,103,19.2,50.8,6.88,Wheat
111,67,98,20.5,37.9,6.41,Wheat
120,48,103,18.1,40.9,7.43,Wheat
119,41,75,20.2,46.1,6.48,Wheat
152,69,85,23.5,50.6,6.28,Wheat
105,42,108,25.4,41.3,7.14,Wheat
142,74,109,18.8,51.0,6.74,Wheat
149,64,107,22.2,51.2,7.42,Wheat
108,41,57,18.7,43.8,6.47,Wheat
106,80,63,20.6,40.2,6.72,Wheat
152,78,107,25.1,35.9,6.97,Wheat
103,48,99,20.9,39.7,6.54,Wheat
142,57,76,20.5,43.2,7.43,Wheat
131,73,111,18.8,53.7,6.68,Wheat
152,76,100,22.0,53.5,6.68,Wheat
129,76,84,20.3,47.6,6.96,Wheat
141,41,52,23.2,53.1,6.84,Wheat
128,47,107,19.9,45.4,6.86,Wheat
120,54,120,25.0,52.4,6.78,Wheat
153,66,67,24.6,46.4,6.57,Wheat
111,60,73,23.2,54.3,6.6,Wheat
149,72,91,22.4,54.8,6.72,Wheat
160,72,84,24.6,47.7,7.18,Wheat
155,74,52,21.3,54.8,6.45,Wheat
149,50,92,18.8,46.8,6.62,Wheat
144,49,70,23.3,53.9,7.17,Wheat
138,61,81,25.9,41.8,6.98,Wheat
104,59,94,18.1,43.3,6.26,Wheat
134,79,117,18.5,35.7,6.4,Wheat
128,70,112,23.0,43.4,7.39,Wheat
121,44,95,23.9,49.2,6.55,Wheat
104,48,57,22.7,38.7,6.55,Wheat
153,80,108,25.7,35.5,6.34,Wheat
140,65,100,21.9,45.7,6.2,Wheat
118,50,94,18.3,40.6,7.34,Wheat
108,43,87,23.1,53.6,6.27,Wheat
106,60,84,18.4,50.3,6.03,Wheat
125,61,107,22.3,35.1,7.25,Wheat
125,80,109,22.6,47.4,6.56,Wheat
154,79,53,24.2,39.2,6.88,Wheat
157,48,60,24.8,35.9,6.48,Wheat
118,77,115,19.6,43.6,6.18,Wheat
135,55,57,24.5,52.3,6.9,Wheat
104,42,70,21.2,48.7,6.71,Wheat
104,78,110,20.1,45.0,6.47,Wheat
144,79,83,21.3,44.5,7.27,Wheat
125,76,70,20.3,40.9,6.13,Wheat
134,60,98,24.6,36.4,6.7,Wheat
134,54,112,21.5,50.2,7.48,Wheat
107,62,59,22.4,39.5,7.3,Wheat
102,59,106,23.9,36.2,7.48,Wheat
127,51,75,19.7,46.3,6.52,Wheat
154,41,63,22.7,46.4,6.81,Wheat
127,67,105,23.6,37.5,7.32,Wheat
148,74,102,21.5,49.7,7.35,Wheat
133,46,57,23.8,51.3,6.02,Wheat
154,50,83,18.3,48.9,7.21,Wheat
156,70,80,18.1,39.1,6.24,Wheat
153,72,59,20.1,42.0,6.19,Wheat
153,68,97,19.7,48.1,7.29,Wheat
104,80,55,18.2,45.4,6.26,Wheat
107,50,118,18.7,45.9,7.49,Wheat
155,49,113,18.9,39.9,6.89,Wheat
133,57,75,22.1,36.4,6.81,Wheat
145,64,69,23.8,50.1,7.03,Wheat
158,74,115,21.4,38.7,6.59,Wheat
146,66,120,22.5,46.7,7.47,Wheat
120,68,106,25.9,45.1,6.32,Wheat
138,55,82,25.3,47.4,7.48,Wheat
100,40,77,24.5,36.5,6.94,Wheat
128,62,56,26.0,50.4,7.15,Wheat
116,59,64,22.1,44.5,6.65,Wheat
114,43,61,21.6,44.0,7.08,Wheat
130,56,80,21.4,47.0,6.21,Wheat
112,56,71,20.1,50.6,6.31,Wheat
101,76,118,24.6,53.9,6.06,Wheat
117,66,79,23.1,36.5,6.27,Wheat
120,46,94,24.5,54.5,7.07,Wheat
131,46,56,18.2,42.6,6.11,Wheat
123,57,112,22.7,41.0,7.49,Wheat
130,76,86,21.3,50.4,6.56,Wheat
138,54,116,20.5,38.5,6.21,Wheat
153,51,66,19.7,54.2,7.21,Wheat
112,62,119,24.8,47.2,6.77,Wheat
101,69,80,24.3,50.7,6.05,Wheat
133,48,81,22.3,53.3,6.7,Wheat
155,44,73,21.3,54.8,6.47,Wheat
126,61,65,23.1,42.0,6.37,Wheat
102,72,85,23.8,47.6,6.89,Wheat
145,78,101,23.1,47.1,7.21,Wheat
158,66,67,18.7,47.2,6.66,Wheat
119,63,114,18.7,45.6,7.0,Wheat
121,47,67,18.2,38.6,6.55,Wheat
153,42,88,18.1,38.4,6.93,Wheat
123,58,64,23.6,51.8,6.15,Wheat
100,75,109,20.6,42.9,7.28,Wheat
132,41,91,25.1,38.4,6.58,Wheat
125,48,120,21.0,45.0,7.46,Wheat
133,42,93,22.4,43.6,6.54,Wheat
100,76,78,18.0,53.1,6.81,Wheat
129,54,63,24.2,52.1,6.8,Wheat
156,53,97,24.1,37.5,7.45,Wheat
119,41,106,24.4,53.4,6.76,Wheat
117,70,65,22.6,54.3,7.1,Wheat
126,45,106,19.4,38.8,7.46,Wheat
149,75,86,19.3,37.8,7.44,Wheat
134,56,110,22.1,53.8,7.12,Wheat
133,45,109,25.1,49.9,7.0,Wheat
145,74,82,23.1,53.7,6.33,Wheat
106,74,105,19.0,48.1,7.45,Wheat
124,47,74,20.9,50.0,7.26,Wheat
142,72,109,23.1,54.2,6.48,Wheat
100,70,81,25.4,45.4,6.63,Wheat
110,46,111,21.4,35.6,7.09,Wheat
115,76,94,24.1,48.4,7.37,Wheat
142,52,103,18.3,41.6,6.81,Wheat
105,43,99,20.7,37.8,7.18,Wheat
143,54,81,19.2,42.1,6.13,Wheat
153,58,72,18.8,48.5,6.23,Wheat
150,64,86,21.4,39.9,7.0,Wheat
128,57,109,18.7,39.0,6.3,Wheat
119,48,106,24.2,46.4,6.33,Wheat
100,58,69,19.5,38.2,6.2,Wheat
141,46,65,21.6,50.7,6.65,Wheat
146,58,91,22.2,42.4,6.16,Wheat
108,58,69,21.3,51.9,6.8,Wheat
152,61,117,19.0,52.5,6.93,Wheat
155,51,63,24.3,41.3,6.65,Wheat
133,75,61,20.8,41.6,6.57,Wheat
146,51,107,18.6,45.4,6.07,Wheat
110,52,120,21.3,46.6,6.32,Wheat
113,76,109,18.0,43.1,6.82,Wheat
113,46,67,22.8,46.6,6.07,Wheat
129,43,98,21.0,52.2,7.28,Wheat
109,79,80,20.7,54.7,7.24,Wheat
125,57,85,25.4,41.8,7.36,Wheat
123,66,94,20.5,39.4,7.13,Wheat
139,70,87,20.6,50.2,6.47,Wheat
108,70,119,18.2,46.2,6.47,Wheat
146,66,89,20.7,43.3,6.34,Wheat
132,68,51,23.3,47.8,6.39,Wheat
132,55,81,20.4,38.3,6.87,Wheat
137,67,70,18.7,51.2,6.22,Wheat
118,49,55,20.8,50.1,6.86,Wheat
109,79,52,22.4,48.0,6.01,Wheat
159,50,116,25.3,50.3,6.05,Wheat
135,57,87,21.1,42.9,7.0,Wheat
128,63,113,25.6,41.0,6.8,Wheat
148,75,81,25.3,41.8,6.06,Wheat
105,65,120,23.8,40.4,6.52,Wheat
149,58,120,21.6,36.6,6.23,Wheat
123,77,57,20.3,42.7,6.28,Wheat
152,55,115,22.5,40.5,7.12,Wheat
108,45,114,25.3,53.2,6.59,Wheat
124,62,68,18.2,41.9,7.07,Wheat
114,65,110,22.5,36.4,6.08,Wheat
121,62,57,21.1,44.8,7.49,Wheat
115,66,115,18.8,35.5,6.04,Wheat
123,75,72,23.7,43.4,6.52,Wheat
154,60,115,23.4,43.9,6.47,Wheat
158,57,84,21.5,45.6,7.37,Wheat
129,66,52,24.8,35.7,7.08,Wheat
101,79,112,23.0,43.6,7.08,Wheat
156,40,113,18.7,47.9,6.18,Wheat
108,41,64,19.4,40.1,6.22,Wheat
137,44,106,21.1,38.1,6.24,Wheat
157,45,61,25.5,51.0,7.08,Wheat
142,68,116,23.7,50.7,6.16,Wheat
101,61,113,25.1,35.1,7.31,Wheat
134,75,88,25.6,38.6,7.36,Wheat
158,80,74,19.7,50.2,6.84,Wheat
143,46,73,18.3,43.5,7.19,Wheat
115,70,116,22.2,53.3,6.05,Wheat
106,70,84,21.5,53.5,7.44,Wheat
121,61,68,22.7,48.0,6.97,Wheat
140,64,117,23.9,48.3,6.24,Wheat
130,73,114,23.3,49.2,7.29,Wheat
120,79,56,19.1,45.4,6.61,Wheat
106,65,52,19.7,53.5,6.42,Wheat
111,49,86,19.0,39.2,6.08,Wheat
148,56,85,23.9,35.3,7.21,Wheat
104,63,75,23.0,50.0,6.5,Wheat
125,46,117,18.5,51.5,6.44,Wheat
103,60,112,18.6,45.4,6.56,Wheat
152,44,105,20.9,51.0,6.28,Wheat
108,49,100,20.4,46.3,6.46,Wheat
118,79,107,20.3,48.5,7.14,Wheat
105,70,61,23.0,38.8,6.97,Wheat
144,56,119,19.1,36.1,7.27,Wheat
159,56,104,19.3,52.4,7.02,Wheat
160,46,67,20.3,43.9,6.4,Wheat
155,45,57,21.6,47.1,6.66,Wheat
140,63,84,21.4,39.3,7.01,Wheat
120,76,67,23.2,37.0,7.23,Wheat
128,78,77,19.3,51.0,7.01,Wheat
126,43,68,25.7,50.5,6.3,Wheat
127,57,86,21.9,42.6,6.0,Wheat
139,77,115,24.6,47.9,7.3,Wheat
106,62,96,23.0,39.1,6.93,Wheat
155,78,85,18.7,41.1,6.96,Wheat
151,46,112,23.4,44.3,7.04,Wheat
154,76,118,22.6,48.4,6.72,Wheat
108,47,51,20.8,36.8,6.41,Wheat
147,60,99,20.4,53.6,6.31,Wheat
125,67,51,18.6,45.4,6.57,Wheat
113,62,109,22.2,41.9,6.63,Wheat
150,74,93,18.3,46.5,6.87,Wheat
104,56,86,22.9,45.9,7.08,Wheat
113,71,53,21.0,53.4,6.16,Wheat
109,50,61,20.8,48.7,6.94,Wheat
147,41,52,25.1,35.3,6.81,Wheat
111,40,116,18.2,51.0,6.02,Wheat
127,43,55,24.0,37.3,6.96,Wheat
132,44,101,19.9,45.8,7.1,Wheat
147,62,55,23.5,49.2,6.79,Wheat
116,45,101,21.9,52.1,7.34,Wheat
119,51,94,22.5,53.8,7.15,Wheat
152,52,85,25.1,46.7,6.94,Wheat
126,51,113,18.6,51.1,6.87,Wheat
138,48,85,24.2,52.4,7.21,Wheat
120,60,63,19.5,43.2,7.16,Wheat
159,69,52,19.1,49.1,6.08,Wheat
111,61,76,20.3,49.3,6.04,Wheat
132,79,113,21.1,41.4,6.84,Wheat
160,61,105,21.6,51.0,7.16,Wheat
116,78,57,25.2,40.7,6.53,Wheat
160,53,79,21.4,37.1,6.27,Wheat
152,63,93,18.8,37.4,6.23,Wheat
106,44,82,20.6,53.3,7.41,Wheat
152,48,54,23.2,35.3,7.0,Wheat
126,49,97,21.6,41.9,6.38,Wheat
122,73,76,25.9,50.6,7.43,Wheat
149,66,67,23.7,51.6,6.47,Wheat
154,75,103,20.8,37.1,6.72,Wheat
145,45,120,20.7,38.0,7.04,Wheat
142,77,73,18.8,46.7,7.28,Wheat
140,78,94,18.1,43.1,7.47,Wheat
152,40,103,24.0,50.4,6.29,Wheat
117,48,77,21.8,54.2,6.41,Wheat
109,51,53,21.7,40.1,6.1,Wheat
124,61,56,19.3,52.7,6.47,Wheat
113,61,78,23.2,41.6,6.3,Wheat
111,60,66,23.1,53.8,7.49,Wheat
126,78,53,24.5,51.9,6.96,Wheat
123,65,65,23.9,51.1,6.25,Wheat
130,45,66,19.9,54.7,6.11,Wheat
112,60,100,25.7,41.1,6.6,Wheat
154,55,119,25.4,48.4,6.36,Wheat
144,57,53,24.5,51.0,7.27,Wheat
129,77,66,24.7,51.5,6.75,Wheat
147,79,88,25.5,36.5,7.42,Wheat
158,46,85,22.3,42.8,6.14,Wheat
140,56,97,20.3,51.2,6.62,Wheat
110,58,88,20.3,35.8,7.32,Wheat
128,78,54,25.7,43.3,6.66,Wheat
124,68,51,20.5,43.6,6.34,Wheat
153,61,52,23.3,37.2,7.15,Wheat
137,46,95,24.7,52.8,7.33,Wheat
153,79,71,23.4,36.9,6.46,Wheat
150,47,81,24.2,46.9,7.45,Wheat
107,65,119,19.7,40.9,6.04,Wheat
132,65,111,19.0,35.4,6.92,Wheat
104,43,119,19.6,40.5,6.83,Wheat
114,55,106,25.0,40.1,6.43,Wheat
149,61,96,25.7,39.3,6.73,Wheat
104,64,76,23.1,39.7,7.19,Wheat
133,55,78,24.7,51.4,6.44,Wheat
139,67,67,18.4,49.0,6.87,Wheat
101,56,75,19.3,45.9,7.41,Wheat
111,60,60,21.4,41.5,6.45,Wheat
144,80,77,19.5,42.9,6.22,Wheat
147,41,70,24.1,54.5,6.87,Wheat
156,58,58,18.1,43.7,6.77,Wheat
112,65,68,24.5,43.8,6.83,Wheat
139,54,81,19.8,37.0,6.06,Wheat
118,51,66,22.7,54.8,7.06,Wheat
135,54,74,20.9,37.5,7.41,Wheat
120,42,95,25.9,37.1,6.74,Wheat
158,69,95,19.5,45.1,7.22,Wheat
106,64,77,26.0,50.6,6.96,Wheat
143,50,109,24.5,46.0,7.3,Wheat
132,55,88,19.1,45.4,7.38,Wheat
144,43,62,22.4,39.1,7.09,Wheat
120,74,57,18.5,47.4,6.14,Wheat
141,54,93,22.7,49.2,6.91,Wheat
111,68,90,24.2,40.4,7.21,Wheat
154,77,69,20.3,37.0,6.97,Wheat
144,79,83,23.0,54.4,7.45,Wheat
134,54,110,23.6,37.4,7.44,Wheat
134,72,105,24.7,54.7,6.76,Wheat
118,75,120,18.2,39.0,7.24,Wheat
137,63,106,22.2,41.2,7.37,Wheat
127,48,87,19.5,41.1,6.97,Wheat
100,66,111,25.9,44.2,7.21,Wheat
144,44,59,21.5,37.5,6.49,Wheat
118,76,97,25.6,43.4,6.1,Wheat
155,59,115,20.6,49.5,7.09,Wheat
100,42,116,19.6,49.3,6.26,Wheat
127,76,97,18.9,50.9,6.97,Wheat
131,55,85,18.3,46.1,6.24,Wheat
145,42,62,21.9,48.2,7.37,Wheat
142,75,56,20.7,50.2,6.23,Wheat
124,40,51,20.3,40.2,6.04,Wheat
129,54,68,18.7,50.3,6.23,Wheat
122,76,78,25.6,42.2,6.73,Wheat
119,40,82,21.4,39.7,7.38,Wheat
140,60,113,25.6,40.2,6.84,Wheat
116,77,51,20.8,49.7,6.54,Wheat
150,44,108,21.6,36.9,7.4,Wheat
123,52,60,18.6,47.8,6.8,Wheat
106,70,101,19.2,42.3,6.19,Wheat
147,59,109,21.2,44.4,6.72,Wheat
103,76,104,25.2,49.9,7.03,Wheat
153,50,71,22.0,48.2,7.28,Wheat
123,55,91,21.6,39.9,6.37,Wheat
131,57,68,18.3,48.7,7.14,Wheat
121,40,80,18.4,36.6,7.48,Wheat
134,59,81,24.9,40.9,7.46,Wheat
100,48,98,24.9,40.3,7.3,Wheat
117,57,85,18.4,43.0,6.54,Wheat
116,43,79,19.9,47.6,7.16,Wheat
130,48,103,19.4,52.3,6.75,Wheat
127,61,69,18.5,47.4,6.25,Wheat
144,72,118,20.3,44.8,7.35,Wheat
101,63,74,25.6,35.8,6.45,Wheat
102,45,83,20.1,48.3,6.01,Wheat
151,50,108,21.6,39.7,6.53,Wheat
136,42,67,20.8,43.5,6.1,Wheat
128,76,68,21.2,36.8,6.55,Wheat
100,50,74,22.7,37.2,6.83,Wheat
145,64,114,21.4,35.8,7.48,Wheat
142,74,97,25.7,53.2,7.11,Wheat
157,60,100,21.6,44.6,6.29,Wheat
159,41,119,21.9,40.9,7.44,Wheat
114,79,52,23.8,39.8,7.15,Wheat
149,51,116,26.3,48.9,6.37,Maize
157,99,137,22.2,59.6,6.39,Maize
128,71,109,22.0,57.3,6.7,Maize
132,82,150,29.1,47.6,5.95,Maize
180,71,137,28.0,51.0,6.53,Maize
151,53,130,22.5,49.7,6.01,Maize
133,96,140,28.4,57.7,6.95,Maize
181,88,118,27.7,56.7,6.73,Maize
145,54,139,26.9,59.5,6.44,Maize
121,93,107,28.8,44.8,6.23,Maize
152,95,93,22.0,47.5,5.7,Maize
180,57,122,28.1,40.7,5.61,Maize
170,96,120,28.0,45.8,6.22,Maize
190,91,105,27.9,54.8,6.45,Maize
175,71,126,29.2,56.7,5.96,Maize
168,99,80,29.8,41.9,6.01,Maize
166,95,135,25.4,59.7,6.09,Maize
159,56,90,28.1,52.2,6.48,Maize
190,82,108,22.6,57.8,5.84,Maize
155,68,116,26.2,57.0,5.74,Maize
148,93,81,29.4,41.1,6.58,Maize
191,65,105,23.3,53.5,6.33,Maize
163,79,119,22.6,50.6,6.41,Maize
179,68,111,26.1,52.0,6.35,Maize
190,92,84,27.1,49.0,6.8,Maize
137,84,147,24.0,46.8,5.95,Maize
167,88,146,29.7,49.5,6.62,Maize
195,50,110,26.4,40.3,6.94,Maize
185,71,110,25.2,57.8,6.9,Maize
186,87,133,23.8,50.4,6.68,Maize
124,90,91,27.8,55.8,6.23,Maize
137,78,110,25.4,55.8,6.16,Maize
189,54,145,23.3,56.7,6.67,Maize
197,50,114,25.9,44.9,5.95,Maize
191,98,138,29.3,56.8,5.89,Maize
165,81,131,25.5,43.1,5.85,Maize
140,63,104,24.6,44.6,5.78,Maize
141,57,124,25.1,49.7,5.66,Maize
150,62,87,28.3,50.9,6.41,Maize
172,57,90,22.5,57.4,6.73,Maize
127,66,117,26.6,45.8,6.66,Maize
195,93,98,26.7,56.5,6.88,Maize
148,98,125,25.8,56.8,6.52,Maize
143,80,118,23.6,46.2,5.5,Maize
124,100,80,29.7,59.8,6.15,Maize
186,99,91,24.2,47.5,5.93,Maize
134,64,137,22.3,47.3,6.62,Maize
160,79,138,26.8,55.3,6.05,Maize
182,77,103,29.1,49.1,5.83,Maize
140,51,84,26.2,41.9,6.88,Maize
150,71,142,23.9,55.9,6.5,Maize
157,51,145,27.6,41.1,5.91,Maize
193,65,83,24.7,49.0,6.22,Maize
145,95,95,22.6,43.6,6.3,Maize
162,69,82,29.3,43.3,6.29,Maize
159,75,114,25.0,46.9,6.15,Maize
200,100,113,22.1,44.7,6.48,Maize
173,82,89,26.4,53.7,5.76,Maize
153,77,114,27.9,41.7,6.57,Maize
159,76,111,23.7,54.4,6.97,Maize
189,87,120,29.4,59.5,5.91,Maize
129,64,95,25.0,42.4,6.46,Maize
166,50,101,25.5,48.0,5.64,Maize
156,83,105,28.8,55.1,6.04,Maize
180,98,112,29.7,50.7,7.0,Maize
187,95,95,25.0,55.7,5.83,Maize
156,73,143,25.6,56.3,6.11,Maize
172,62,145,24.4,58.4,5.66,Maize
176,51,134,25.7,43.6,6.32,Maize
125,51,106,28.4,56.1,5.92,Maize
152,53,97,29.0,46.3,5.63,Maize
158,100,93,27.7,56.9,5.55,Maize
187,73,83,22.4,47.8,6.35,Maize
126,91,122,25.0,52.7,5.86,Maize
198,75,121,29.3,48.8,6.99,Maize
164,69,105,27.1,49.0,6.73,Maize
160,56,106,28.0,58.9,6.03,Maize
127,87,87,29.4,49.0,5.84,Maize
151,81,136,25.2,53.0,6.45,Maize
179,69,147,26.7,59.3,5.66,Maize
189,100,139,29.0,45.1,5.92,Maize
174,90,147,28.8,58.8,5.68,Maize
128,83,113,25.8,51.7,6.46,Maize
141,70,116,28.5,58.7,6.55,Maize
126,63,123,27.5,41.8,5.91,Maize
161,97,147,30.0,54.9,6.22,Maize
137,99,138,26.2,47.3,6.01,Maize
192,62,114,28.8,59.2,5.81,Maize
139,67,93,25.3,43.0,6.2,Maize
188,87,127,22.4,54.2,6.11,Maize
142,77,150,28.2,40.4,5.83,Maize
124,99,106,27.7,47.7,6.87,Maize
143,81,98,25.4,56.5,6.51,Maize
121,76,86,27.8,46.3,6.68,Maize
156,87,86,28.3,57.3,6.96,Maize
177,52,135,28.5,48.9,6.26,Maize
196,87,93,28.0,54.5,6.78,Maize
152,65,85,28.0,47.4,5.62,Maize
187,70,123,28.8,46.2,5.82,Maize
150,50,137,22.3,50.3,6.1,Maize
181,69,117,29.5,40.9,6.3,Maize
190,96,115,26.5,55.4,7.0,Maize
172,74,111,24.5,51.5,6.29,Maize
175,91,108,29.6,45.0,6.33,Maize
159,88,139,27.7,52.3,5.86,Maize
142,87,89,24.7,52.3,6.57,Maize
180,92,105,23.7,57.0,6.0,Maize
139,55,133,23.9,45.5,5.82,Maize
191,70,133,22.6,45.4,6.9,Maize
171,51,116,25.7,47.7,5.51,Maize
173,76,135,23.0,49.6,6.72,Maize
199,79,123,23.0,52.9,5.84,Maize
169,84,81,28.3,42.5,6.3,Maize
137,54,82,27.2,58.6,5.84,Maize
162,94,145,24.6,44.7,6.46,Maize
142,66,127,25.3,44.3,6.6,Maize
171,100,147,24.4,54.0,5.98,Maize
143,95,99,22.2,56.1,6.29,Maize
129,61,144,27.3,45.5,6.95,Maize
149,62,146,25.4,50.0,6.21,Maize
176,83,142,29.3,49.7,6.48,Maize
194,62,88,23.3,49.8,5.58,Maize
173,89,108,22.2,55.0,5.67,Maize
156,65,92,26.3,51.8,6.45,Maize
167,62,95,27.2,51.7,6.92,Maize
198,80,145,25.7,40.8,5.73,Maize
182,88,89,25.7,50.5,6.77,Maize
145,73,102,25.9,42.5,6.95,Maize
127,80,122,28.4,50.7,6.68,Maize
200,64,96,29.9,42.2,6.77,Maize
135,85,117,28.5,48.6,6.54,Maize
144,76,95,24.0,43.3,6.4,Maize
185,57,138,26.6,59.8,6.03,Maize
136,56,112,25.6,45.1,5.61,Maize
192,87,140,24.4,45.6,6.02,Maize
171,90,148,27.6,46.1,6.04,Maize
139,97,141,26.7,56.7,6.45,Maize
144,87,123,23.6,49.7,6.78,Maize
168,61,150,25.4,46.8,5.86,Maize
174,74,101,24.0,50.9,5.54,Maize
191,76,128,29.9,57.3,6.44,Maize
175,84,123,27.1,53.8,5.79,Maize
146,64,150,22.0,50.5,6.45,Maize
162,89,80,25.4,49.3,6.83,Maize
151,76,125,27.0,44.0,5.71,Maize
183,84,91,22.7,51.6,6.48,Maize
157,54,80,22.1,52.6,6.82,Maize
152,75,95,22.0,57.4,5.86,Maize
138,94,141,25.5,51.7,6.59,Maize
139,84,144,26.7,57.7,5.89,Maize
122,64,138,26.7,58.2,6.87,Maize
200,58,90,28.8,40.4,5.85,Maize
200,63,97,22.1,47.6,6.71,Maize
155,85,145,27.2,41.5,6.53,Maize
180,89,93,24.7,57.6,5.59,Maize
134,79,132,24.8,47.3,6.42,Maize
140,86,106,24.5,52.3,6.9,Maize
200,78,145,23.7,44.1,5.96,Maize
165,51,107,24.9,47.9,6.61,Maize
134,97,114,24.4,46.2,7.0,Maize
149,54,109,25.8,54.1,6.69,Maize
194,56,125,24.4,47.3,6.03,Maize
131,74,131,24.9,53.2,6.39,Maize
140,57,126,28.3,45.1,6.03,Maize
157,82,100,24.3,52.9,6.58,Maize
197,94,103,23.1,47.6,6.83,Maize
121,74,148,27.1,49.5,6.84,Maize
134,84,99,29.9,40.9,5.6,Maize
177,64,97,25.8,48.6,5.64,Maize
197,81,123,27.4,44.3,6.71,Maize
148,80,147,22.1,41.7,5.94,Maize
142,60,124,22.5,59.7,5.91,Maize
147,76,92,24.6,53.7,6.61,Maize
151,89,98,23.5,41.4,6.16,Maize
156,69,99,22.3,53.3,6.25,Maize
125,96,113,28.2,48.9,5.6,Maize
163,74,116,23.1,51.3,6.08,Maize
167,66,82,29.9,49.0,6.43,Maize
138,84,138,23.2,55.8,6.19,Maize
174,57,95,23.1,51.2,5.75,Maize
126,55,140,25.0,55.7,6.23,Maize
165,98,106,29.0,48.0,6.05,Maize
176,87,130,24.1,45.8,5.54,Maize
199,90,143,24.5,42.3,6.08,Maize
122,62,134,26.5,40.6,5.65,Maize
172,55,132,23.8,57.6,6.27,Maize
189,98,140,24.6,52.3,5.71,Maize
159,89,90,29.2,49.6,6.89,Maize
167,74,90,29.7,58.9,5.96,Maize
142,78,98,25.6,55.2,6.02,Maize
176,96,145,24.7,47.1,6.38,Maize
127,65,121,26.7,49.3,6.58,Maize
200,94,145,28.5,54.5,6.58,Maize
169,97,130,24.9,58.4,6.5,Maize
176,74,81,23.8,41.1,6.44,Maize
123,62,121,26.5,41.5,6.54,Maize
174,59,122,25.0,57.6,6.61,Maize
161,53,122,25.9,55.8,5.9,Maize
127,87,138,22.4,45.6,6.17,Maize
170,99,116,22.4,47.1,6.75,Maize
147,76,100,22.7,42.2,5.64,Maize
143,64,111,24.5,40.6,6.91,Maize
190,63,97,24.9,50.6,6.43,Maize
167,79,104,28.3,58.6,6.74,Maize
145,51,93,29.0,43.8,6.03,Maize
196,93,81,22.0,42.8,5.8,Maize
125,73,93,25.4,53.2,5.8,Maize
158,65,116,23.6,51.1,5.88,Maize
135,98,106,22.7,49.2,6.24,Maize
160,50,115,25.8,58.5,6.89,Maize
162,71,99,25.2,48.7,5.86,Maize
186,77,143,23.5,52.2,6.26,Maize
197,94,85,30.0,49.6,6.58,Maize
122,90,89,28.8,43.2,6.95,Maize
192,62,139,26.9,59.0,6.84,Maize
120,100,109,28.8,41.6,6.59,Maize
178,87,82,26.5,46.1,6.84,Maize
153,74,96,24.0,59.9,6.1,Maize
151,91,98,23.5,57.8,6.68,Maize
140,51,129,25.9,53.8,6.72,Maize
181,56,105,29.6,47.7,5.9,Maize
193,69,150,27.0,55.6,6.91,Maize
147,59,113,22.2,43.5,6.65,Maize
141,66,150,29.0,51.0,5.84,Maize
195,100,111,23.0,48.4,5.62,Maize
160,52,114,26.0,59.6,5.95,Maize
197,73,115,26.6,45.2,6.93,Maize
179,94,98,23.3,44.2,5.66,Maize
161,78,107,22.8,59.8,6.23,Maize
169,90,148,26.6,49.8,6.17,Maize
130,93,116,29.0,52.5,6.66,Maize
188,75,145,23.4,55.8,6.78,Maize
182,52,91,24.4,54.8,6.91,Maize
190,72,136,26.0,44.3,6.37,Maize
161,50,138,27.3,45.8,6.54,Maize
124,66,120,26.2,55.9,5.92,Maize
183,71,81,22.3,55.0,6.46,Maize
184,78,133,22.9,47.6,6.07,Maize
162,97,91,29.6,42.4,5.94,Maize
195,95,100,27.5,59.7,5.99,Maize
156,92,116,27.5,46.1,6.09,Maize
127,90,96,22.6,56.0,6.35,Maize
173,62,132,23.1,55.7,6.6,Maize
149,56,101,23.5,54.7,6.1,Maize
148,93,89,29.3,58.0,6.85,Maize
164,71,117,28.1,52.8,6.88,Maize
138,74,107,22.5,56.2,6.09,Maize
161,72,97,23.4,45.8,6.67,Maize
122,92,139,23.8,54.5,5.87,Maize
160,65,111,29.3,46.7,6.3,Maize
170,64,111,29.8,53.9,6.15,Maize
156,93,126,23.1,46.6,6.52,Maize
129,52,108,27.0,41.2,6.39,Maize
133,92,86,29.1,58.1,5.75,Maize
156,50,125,27.0,40.3,5.95,Maize
147,87,115,24.7,55.4,6.79,Maize
148,75,124,28.7,56.9,5.85,Maize
196,83,98,22.1,50.6,5.98,Maize
131,67,130,29.4,55.4,6.8,Maize
184,79,115,29.9,50.5,5.99,Maize
122,84,103,22.6,47.9,5.53,Maize
195,69,134,26.6,45.6,6.89,Maize
181,63,119,23.6,43.3,6.62,Maize
147,87,110,29.1,54.1,6.89,Maize
153,79,125,22.3,59.6,6.24,Maize
186,98,117,22.5,53.0,6.83,Maize
134,85,92,24.2,46.0,6.93,Maize
199,70,114,25.3,41.2,6.83,Maize
197,95,125,22.6,43.3,5.94,Maize
121,55,130,26.7,47.4,6.22,Maize
175,99,111,29.3,54.9,6.78,Maize
128,50,103,26.8,53.5,6.13,Maize
175,89,119,22.9,58.4,6.53,Maize
172,89,132,28.3,53.5,5.56,Maize
133,99,149,27.9,53.1,5.67,Maize
121,76,82,29.2,46.7,5.56,Maize
185,60,113,22.5,52.3,6.93,Maize
169,54,133,22.5,51.5,6.12,Maize
122,79,137,25.3,55.0,6.82,Maize
191,72,141,27.7,41.8,6.71,Maize
151,89,124,23.8,43.2,6.92,Maize
155,87,104,23.6,42.5,6.04,Maize
180,97,84,27.2,44.1,6.33,Maize
136,95,145,27.9,50.8,6.75,Maize
149,81,138,29.4,43.6,5.84,Maize
159,62,145,28.9,51.2,6.93,Maize
153,67,118,23.9,47.2,5.6,Maize
182,72,121,23.1,56.3,6.8,Maize
158,98,128,29.6,54.3,6.61,Maize
158,82,129,24.7,41.5,6.87,Maize
155,64,150,26.3,58.0,5.61,Maize
195,68,136,28.5,46.7,5.98,Maize
131,65,116,24.5,47.1,6.73,Maize
135,54,85,24.7,49.9,5.81,Maize
191,51,87,28.3,56.9,6.38,Maize
185,71,150,26.9,50.1,6.89,Maize
186,77,100,22.0,49.1,6.2,Maize
123,90,114,25.2,57.3,6.89,Maize
158,73,144,27.7,42.8,6.28,Maize
189,81,107,25.6,59.3,5.81,Maize
177,76,89,27.3,46.2,5.62,Maize
198,64,83,22.4,57.0,5.98,Maize
130,81,93,27.5,52.5,6.66,Maize
199,54,98,29.5,53.7,6.03,Maize
152,85,147,26.7,50.2,6.18,Maize
188,55,105,29.1,59.0,6.34,Maize
163,72,93,26.8,57.4,5.61,Maize
155,53,133,27.5,58.3,5.93,Maize
141,85,147,25.4,42.9,5.83,Maize
188,77,144,24.8,53.3,6.27,Maize
173,55,109,22.7,49.3,5.78,Maize
131,98,146,27.0,48.3,5.54,Maize
164,98,150,27.0,40.5,6.45,Maize
198,73,150,24.0,40.6,6.8,Maize
164,88,148,22.1,54.4,6.64,Maize
120,73,149,30.0,46.4,6.68,Maize
142,89,123,27.4,53.0,5.96,Maize
159,73,128,22.3,41.3,5.83,Maize
173,69,121,25.6,55.0,5.73,Maize
182,55,113,30.0,48.4,6.23,Maize
135,72,136,27.3,52.5,6.79,Maize
129,87,146,29.8,54.7,6.12,Maize
186,91,81,26.4,41.8,5.89,Maize
199,91,120,24.6,42.2,5.98,Maize
189,59,139,25.0,43.3,6.13,Maize
132,64,113,27.3,58.1,6.42,Maize
169,50,144,24.7,55.2,6.78,Maize
164,73,142,24.9,56.4,6.73,Maize
173,97,90,25.4,45.3,5.72,Maize
155,80,106,22.5,40.3,6.32,Maize
157,68,81,29.9,45.7,5.6,Maize
122,100,82,23.7,58.4,6.11,Maize
192,68,145,26.4,48.2,6.37,Maize
179,54,84,23.9,53.3,6.04,Maize
172,80,118,24.1,40.1,6.04,Maize
148,96,116,28.2,55.8,5.66,Maize
181,50,85,29.7,56.9,6.64,Maize
135,53,81,25.4,49.9,5.87,Maize
127,77,139,28.9,57.6,5.53,Maize
133,92,80,22.4,47.2,6.97,Maize
127,60,129,22.8,50.4,6.97,Maize
199,60,128,24.2,57.6,6.89,Maize
144,65,141,25.4,45.3,6.07,Maize
135,64,106,22.3,49.9,6.4,Maize
133,100,91,25.8,48.5,6.27,Maize
129,76,150,28.7,49.7,6.83,Maize
187,94,119,28.6,41.9,6.59,Maize
134,52,145,28.5,47.8,6.8,Maize
131,80,91,26.3,40.8,6.57,Maize
170,73,123,29.2,45.2,5.54,Maize
176,98,84,26.0,56.9,5.57,Maize
179,82,127,26.0,55.0,6.96,Maize
154,81,99,27.1,56.8,6.74,Maize
128,89,102,28.6,59.2,6.17,Maize
137,58,130,29.8,43.0,6.1,Maize
195,82,146,28.8,58.1,6.47,Maize
161,94,150,24.3,42.5,5.99,Maize
186,82,105,24.7,48.4,6.93,Maize
174,90,143,28.5,43.4,5.54,Maize
161,50,82,24.5,46.8,5.97,Maize
149,68,92,22.3,59.5,5.81,Maize
124,60,98,28.4,47.7,6.16,Maize
195,53,85,26.7,49.5,5.5,Maize
173,75,137,29.0,47.9,6.41,Maize
186,75,145,28.0,44.1,6.45,Maize
145,64,143,29.7,47.2,6.3,Maize
175,90,93,27.8,54.7,6.73,Maize
140,52,122,28.6,57.6,6.68,Maize
187,75,129,25.5,49.7,6.23,Maize
133,70,115,28.6,57.1,6.49,Maize
165,97,111,28.7,57.6,6.88,Maize
169,97,122,29.5,49.4,6.88,Maize
176,82,143,22.1,58.4,5.82,Maize
144,96,148,26.0,57.5,6.44,Maize
160,57,145,25.7,47.1,6.19,Maize
150,87,150,29.9,43.1,6.55,Maize
145,56,125,27.1,55.5,6.93,Maize
158,99,102,27.0,52.6,6.71,Maize
136,98,136,26.6,52.0,5.61,Maize
150,63,147,28.8,54.3,6.34,Maize
157,78,126,22.5,55.0,6.44,Maize
127,88,90,22.9,52.7,6.5,Maize
159,69,111,29.9,45.3,6.06,Maize
128,86,100,23.8,51.4,6.15,Maize
167,53,89,22.4,52.2,6.42,Maize
123,74,89,28.3,54.0,6.57,Maize
182,71,142,22.9,53.2,6.05,Maize
151,67,80,25.8,49.9,6.43,Maize
140,71,142,29.0,57.2,5.63,Maize
189,88,134,25.8,50.0,6.34,Maize
154,74,90,27.0,40.3,6.67,Maize
152,75,122,25.2,59.7,5.87,Maize
124,58,106,24.9,45.1,5.68,Maize
196,82,146,28.9,58.4,5.72,Maize
151,56,148,22.1,52.6,5.99,Maize
179,87,139,23.1,41.6,6.37,Maize
159,75,81,28.0,51.6,6.94,Maize
144,97,115,25.5,59.6,5.87,Maize
123,55,102,22.5,44.5,6.15,Maize
180,73,121,24.9,50.6,6.27,Maize
195,88,135,30.8,59.9,6.03,Cotton
189,103,117,30.2,45.4,6.85,Cotton
190,52,116,30.3,59.0,6.36,Cotton
200,55,101,30.4,50.7,6.43,Cotton
200,58,150,26.1,52.4,5.9,Cotton
203,72,120,31.8,48.7,6.64,Cotton
175,89,101,34.9,51.5,6.4,Cotton
185,75,123,25.6,51.2,6.5,Cotton
162,76,110,33.7,62.8,6.42,Cotton
166,57,134,28.7,52.8,6.69,Cotton
199,98,137,25.6,62.9,6.18,Cotton
172,98,138,33.2,50.0,7.19,Cotton
216,57,125,28.5,63.6,6.75,Cotton
165,97,108,34.6,57.0,5.84,Cotton
143,72,159,34.5,48.7,6.55,Cotton
156,84,122,27.4,62.5,6.35,Cotton
158,66,128,26.1,53.4,6.25,Cotton
177,82,105,32.5,47.1,6.78,Cotton
159,61,156,35.0,54.1,6.07,Cotton
151,110,124,25.1,46.8,6.34,Cotton
171,93,151,33.8,48.1,7.18,Cotton
169,87,105,31.1,64.4,6.59,Cotton
182,88,153,26.3,51.1,6.27,Cotton
191,72,120,28.1,49.9,5.97,Cotton
140,105,127,26.1,45.6,6.91,Cotton
187,66,157,27.5,54.0,6.03,Cotton
219,79,106,34.3,47.5,6.08,Cotton
203,82,172,25.2,47.3,7.13,Cotton
164,69,172,32.4,62.8,5.8,Cotton
144,57,103,33.3,54.3,6.06,Cotton
172,53,174,25.1,46.3,6.32,Cotton
201,69,179,31.7,57.4,5.86,Cotton
188,99,140,34.0,61.0,6.97,Cotton
163,54,144,34.8,49.1,6.14,Cotton
156,68,167,33.8,51.2,6.14,Cotton
185,97,123,27.7,50.2,6.59,Cotton
143,94,126,34.4,46.3,6.68,Cotton
174,77,176,31.9,61.2,6.17,Cotton
163,80,170,27.9,54.9,6.37,Cotton
189,91,168,26.5,47.1,6.77,Cotton
171,59,119,31.7,53.0,5.97,Cotton
179,72,123,25.0,57.1,6.64,Cotton
162,92,129,26.7,65.0,6.1,Cotton
198,80,122,28.3,56.8,5.9,Cotton
173,59,178,25.0,62.0,6.81,Cotton
198,64,136,31.8,64.5,6.5,Cotton
161,65,102,28.7,47.3,6.01,Cotton
216,82,115,31.6,63.2,6.38,Cotton
177,58,131,33.2,61.5,6.84,Cotton
218,50,121,33.7,46.3,6.53,Cotton
192,81,179,33.2,53.1,6.21,Cotton
163,52,144,32.9,48.8,6.46,Cotton
180,78,145,25.8,63.9,6.85,Cotton
191,103,144,34.1,62.7,6.73,Cotton
209,75,119,34.7,49.7,6.29,Cotton
157,95,104,34.8,62.5,6.52,Cotton
186,103,107,31.5,57.1,6.88,Cotton
216,90,132,29.2,63.8,6.96,Cotton
156,83,167,28.6,58.1,6.06,Cotton
188,70,140,27.7,54.2,5.89,Cotton
190,84,110,28.7,59.3,6.57,Cotton
173,67,130,32.6,59.5,5.89,Cotton
160,89,139,31.1,60.6,5.85,Cotton
183,106,133,29.7,53.6,5.97,Cotton
198,73,146,31.0,52.2,6.73,Cotton
181,82,140,29.8,61.9,6.16,Cotton
210,95,122,30.9,59.5,7.1,Cotton
154,94,157,33.9,50.8,7.0,Cotton
178,80,160,28.4,57.2,6.2,Cotton
173,81,144,26.9,59.5,6.24,Cotton
174,96,147,34.0,49.7,6.07,Cotton
140,55,114,31.6,55.4,6.15,Cotton
187,62,116,26.1,55.6,6.09,Cotton
191,101,143,34.6,57.2,6.83,Cotton
180,63,116,30.3,45.8,6.35,Cotton
198,79,143,27.9,48.1,5.87,Cotton
206,77,101,30.6,49.3,6.96,Cotton
197,101,116,31.3,50.3,6.48,Cotton
167,105,179,27.4,61.1,6.12,Cotton
181,62,149,28.7,47.9,6.49,Cotton
182,83,178,34.2,48.8,6.71,Cotton
208,104,100,25.2,63.0,6.81,Cotton
202,81,162,35.0,50.2,6.49,Cotton
159,53,175,32.4,50.9,5.99,Cotton
154,65,138,25.9,58.2,6.66,Cotton
190,52,180,27.1,58.0,6.48,Cotton
145,110,144,28.8,51.0,7.14,Cotton
149,50,143,27.4,51.7,7.18,Cotton
180,82,132,30.2,58.7,6.93,Cotton
198,83,112,30.3,52.7,6.92,Cotton
173,65,178,29.1,54.2,6.02,Cotton
217,95,157,31.4,50.4,6.65,Cotton
142,94,102,33.8,48.9,7.02,Cotton
186,56,131,29.0,53.7,6.82,Cotton
172,59,155,28.9,57.5,7.11,Cotton
205,89,116,32.9,55.7,6.41,Cotton
173,58,122,33.2,46.6,6.86,Cotton
214,99,171,33.0,58.9,6.08,Cotton
183,87,120,32.0,45.4,7.04,Cotton
175,59,178,31.3,47.2,6.41,Cotton
187,64,165,25.3,61.0,6.44,Cotton
177,105,172,32.0,53.6,6.42,Cotton
213,77,108,26.4,48.5,6.73,Cotton
212,82,123,32.9,57.8,6.41,Cotton
202,55,177,27.3,59.1,6.3,Cotton
178,94,106,35.0,51.0,7.07,Cotton
178,60,107,33.2,55.0,6.02,Cotton
183,73,155,28.0,56.4,5.98,Cotton
199,83,126,33.5,45.1,5.93,Cotton
156,82,169,33.0,59.3,6.82,Cotton
182,88,170,25.7,49.3,6.45,Cotton
195,100,163,31.3,55.4,6.22,Cotton
173,84,102,31.1,56.3,7.19,Cotton
165,88,146,33.7,55.1,6.08,Cotton
167,59,171,26.2,61.2,6.01,Cotton
216,80,152,27.8,62.6,5.89,Cotton
212,91,121,26.9,59.5,6.24,Cotton
153,73,167,33.7,45.9,5.94,Cotton
193,104,120,27.0,52.8,6.58,Cotton
187,77,140,32.0,51.3,6.06,Cotton
145,94,150,34.1,56.7,6.16,Cotton
141,86,177,33.4,52.2,6.64,Cotton
178,102,172,33.4,51.6,7.06,Cotton
177,108,105,30.7,64.5,6.38,Cotton
149,52,161,28.3,51.6,6.17,Cotton
200,98,154,31.9,61.3,5.89,Cotton
178,66,138,29.0,55.7,6.52,Cotton
188,60,145,30.1,58.5,6.21,Cotton
188,82,106,32.2,54.0,6.72,Cotton
190,70,143,26.3,51.9,6.33,Cotton
174,72,148,25.3,59.0,6.23,Cotton
158,107,168,30.5,61.1,6.0,Cotton
188,67,142,31.0,49.8,5.9,Cotton
218,87,158,30.8,63.5,7.03,Cotton
179,97,177,29.0,50.0,5.92,Cotton
159,86,127,34.2,48.3,6.61,Cotton
168,59,161,29.5,64.3,7.11,Cotton
205,68,106,27.6,54.3,6.14,Cotton
206,61,103,28.8,56.2,6.56,Cotton
184,96,157,30.2,61.3,6.01,Cotton
142,93,155,25.7,63.8,6.62,Cotton
204,51,116,30.3,51.3,5.96,Cotton
166,84,141,33.9,62.9,6.91,Cotton
166,62,129,27.5,57.1,7.16,Cotton
167,93,107,25.4,47.4,6.72,Cotton
155,69,150,33.6,61.7,7.13,Cotton
215,72,170,25.2,61.8,6.42,Cotton
213,100,155,31.2,45.6,6.58,Cotton
152,89,130,30.9,53.2,7.0,Cotton
179,107,145,33.7,49.5,6.41,Cotton
197,110,161,31.4,56.0,6.88,Cotton
210,80,128,25.8,48.3,6.83,Cotton
144,79,110,26.2,45.3,7.04,Cotton
159,80,125,27.3,60.8,7.14,Cotton
144,89,100,29.1,45.8,6.18,Cotton
173,50,124,27.2,52.7,6.69,Cotton
153,67,121,28.7,59.9,7.16,Cotton
218,104,136,32.1,52.6,6.65,Cotton
151,99,146,25.4,58.7,7.0,Cotton
173,100,164,28.6,45.6,6.92,Cotton
143,77,158,27.1,47.6,6.56,Cotton
206,58,179,26.7,48.0,5.89,Cotton
219,50,125,31.7,52.7,6.56,Cotton
202,98,101,27.6,64.1,6.69,Cotton
201,65,147,29.8,64.0,6.5,Cotton
176,97,149,33.8,45.6,6.62,Cotton
171,81,158,33.1,47.7,5.82,Cotton
140,85,112,33.7,58.9,6.75,Cotton
153,72,180,30.4,50.2,6.04,Cotton
195,84,144,25.5,59.9,6.02,Cotton
160,85,157,30.4,59.4,6.64,Cotton
197,97,118,27.5,57.7,6.35,Cotton
180,78,139,29.2,48.2,6.42,Cotton
217,82,140,28.6,52.2,6.63,Cotton
219,88,132,29.4,49.2,6.3,Cotton
176,84,119,28.9,62.5,6.14,Cotton
162,68,179,28.4,56.5,7.15,Cotton
214,61,171,29.4,59.2,6.67,Cotton
214,57,141,28.0,48.3,6.1,Cotton
212,92,107,25.8,64.2,6.2,Cotton
156,79,146,34.0,57.2,7.06,Cotton
209,108,117,26.3,60.3,6.76,Cotton
143,100,112,26.8,56.2,7.13,Cotton
163,75,116,27.0,56.5,5.84,Cotton
195,80,123,34.2,54.2,5.92,Cotton
143,109,151,32.4,62.9,6.26,Cotton
150,108,108,31.5,64.7,6.43,Cotton
192,86,106,25.9,48.9,6.53,Cotton
208,50,146,31.4,62.8,6.81,Cotton
204,55,146,26.4,50.2,6.82,Cotton
216,54,123,30.0,53.9,6.02,Cotton
194,102,119,28.0,64.7,5.89,Cotton
147,64,116,25.1,50.9,7.07,Cotton
166,95,178,30.8,55.8,6.38,Cotton
141,103,140,32.0,62.4,6.4,Cotton
148,86,139,25.1,56.7,6.11,Cotton
156,105,146,30.6,47.8,6.6,Cotton
217,96,116,30.2,47.0,6.43,Cotton
218,110,147,28.0,55.7,6.31,Cotton
201,61,169,29.0,59.1,6.15,Cotton
178,64,172,34.4,53.4,6.82,Cotton
219,52,172,28.8,48.4,6.25,Cotton
165,61,109,30.4,48.1,6.8,Cotton
199,63,140,33.4,51.9,6.88,Cotton
204,81,130,33.7,56.0,7.03,Cotton
215,72,129,30.7,48.6,7.17,Cotton
140,93,110,30.9,60.1,6.37,Cotton
161,98,162,34.3,48.8,6.16,Cotton
189,109,130,31.4,54.3,6.96,Cotton
198,101,165,31.8,54.3,6.55,Cotton
185,55,142,28.0,54.8,6.4,Cotton
212,68,165,33.6,48.2,6.68,Cotton
206,71,135,32.8,61.3,6.11,Cotton
145,88,104,30.5,54.5,6.89,Cotton
151,98,146,26.3,61.5,6.0,Cotton
168,85,170,30.9,58.4,7.17,Cotton
178,108,161,30.5,51.1,6.58,Cotton
219,53,129,28.9,63.2,6.05,Cotton
183,76,155,29.3,62.5,6.34,Cotton
196,84,135,29.7,60.7,6.93,Cotton
151,94,159,28.6,52.6,7.19,Cotton
178,94,179,28.1,49.5,6.34,Cotton
185,68,177,26.3,57.8,6.99,Cotton
159,107,152,25.6,49.5,6.22,Cotton
200,54,142,28.1,57.8,6.01,Cotton
156,99,123,26.9,60.2,6.23,Cotton
171,67,167,30.1,62.2,7.0,Cotton
188,76,150,29.3,55.1,6.07,Cotton
192,76,156,26.7,60.9,6.82,Cotton
198,56,161,30.7,57.1,7.14,Cotton
177,60,165,32.3,51.3,7.12,Cotton
184,107,159,26.2,57.3,6.49,Cotton
160,55,150,28.1,59.2,6.91,Cotton
220,84,178,27.9,55.5,6.46,Cotton
190,87,160,32.4,55.3,6.13,Cotton
176,59,180,32.5,55.8,6.91,Cotton
218,89,179,30.9,58.8,6.37,Cotton
220,80,105,25.6,56.8,5.89,Cotton
187,53,180,25.9,52.9,6.51,Cotton
212,64,162,29.3,62.8,7.1,Cotton
142,90,159,31.8,55.3,6.21,Cotton
170,109,164,32.9,50.4,6.09,Cotton
209,88,149,27.9,57.5,6.82,Cotton
143,93,164,31.1,45.3,6.1,Cotton
203,53,153,29.1,63.4,7.13,Cotton
163,85,125,26.1,49.2,6.44,Cotton
185,110,141,25.1,47.3,6.55,Cotton
140,57,145,30.6,59.9,6.87,Cotton
204,81,120,31.2,50.5,6.97,Cotton
212,108,126,29.6,58.7,6.85,Cotton
156,74,173,26.1,45.8,6.46,Cotton
156,59,170,26.0,62.2,6.75,Cotton
182,55,138,26.7,54.9,7.11,Cotton
176,98,131,30.1,56.2,6.88,Cotton
198,77,105,30.3,58.1,7.12,Cotton
188,70,129,29.8,48.1,6.76,Cotton
148,68,156,30.5,63.4,6.66,Cotton
163,103,106,33.4,62.8,7.16,Cotton
158,77,127,27.1,51.4,6.07,Cotton
199,107,115,30.7,64.7,6.63,Cotton
154,103,104,32.0,61.6,6.89,Cotton
149,95,138,27.7,61.0,7.08,Cotton
187,81,149,27.3,45.5,5.82,Cotton
195,107,161,31.7,54.0,6.29,Cotton
217,93,170,25.4,57.0,5.85,Cotton
220,106,120,27.3,45.1,7.1,Cotton
170,68,143,34.0,58.8,6.28,Cotton
169,94,131,30.8,63.1,6.07,Cotton
207,110,136,34.4,56.9,7.05,Cotton
177,81,126,25.6,46.6,6.26,Cotton
212,70,144,32.3,56.1,6.52,Cotton
210,107,142,30.4,51.3,7.17,Cotton
155,80,165,31.3,55.2,6.79,Cotton
209,70,136,29.8,59.0,6.61,Cotton
188,106,150,27.9,52.9,6.82,Cotton
160,58,157,30.1,59.3,5.81,Cotton
141,97,116,27.9,60.1,7.18,Cotton
140,77,176,27.8,59.6,6.59,Cotton
197,108,155,30.4,61.1,6.14,Cotton
208,95,118,27.5,56.3,6.03,Cotton
174,108,140,30.7,48.8,5.9,Cotton
167,84,164,28.8,57.1,6.83,Cotton
199,92,179,33.7,50.0,6.25,Cotton
148,73,169,28.2,49.0,7.1,Cotton
199,101,112,34.4,63.2,6.5,Cotton
165,89,146,26.7,48.9,6.0,Cotton
207,54,156,29.1,51.2,6.83,Cotton
140,65,131,27.4,47.1,7.15,Cotton
180,94,103,28.6,47.1,6.87,Cotton
146,91,170,32.3,61.0,6.41,Cotton
166,95,125,30.6,61.4,7.08,Cotton
167,97,175,29.2,56.4,7.15,Cotton
207,102,119,28.6,64.1,6.95,Cotton
169,98,100,29.9,64.7,7.03,Cotton
179,104,177,31.9,57.1,7.02,Cotton
145,93,174,34.2,53.6,6.99,Cotton
207,79,123,25.7,60.8,6.98,Cotton
211,97,162,31.9,56.8,7.07,Cotton
163,73,102,34.3,51.8,6.18,Cotton
196,52,117,32.4,50.5,6.54,Cotton
174,81,156,33.4,64.1,6.57,Cotton
186,93,174,32.9,50.6,6.2,Cotton
177,106,157,29.7,60.6,6.42,Cotton
161,76,132,33.4,57.2,6.65,Cotton
156,66,136,28.2,58.3,7.08,Cotton
218,88,169,26.7,51.5,6.52,Cotton
184,104,117,34.7,59.9,6.17,Cotton
216,93,164,25.7,55.9,6.15,Cotton
178,90,163,33.9,48.6,6.96,Cotton
155,90,117,30.8,61.2,6.35,Cotton
193,65,116,26.3,50.2,6.26,Cotton
213,110,154,25.7,58.9,6.21,Cotton
216,59,110,27.0,50.2,6.25,Cotton
171,65,154,33.9,60.0,6.85,Cotton
188,73,154,32.0,60.7,6.6,Cotton
140,88,154,31.1,64.2,6.5,Cotton
205,104,169,32.3,49.5,6.66,Cotton
182,51,104,33.9,62.7,6.03,Cotton
165,63,171,27.6,52.5,6.9,Cotton
195,77,137,26.2,63.5,6.38,Cotton
217,108,135,32.6,59.0,6.2,Cotton
174,70,178,27.6,51.8,6.72,Cotton
156,50,178,34.7,49.9,6.24,Cotton
204,80,139,26.6,58.8,6.38,Cotton
217,107,103,32.9,59.9,6.47,Cotton
213,68,111,25.5,58.7,7.16,Cotton
220,75,176,31.3,48.7,5.97,Cotton
181,76,168,25.3,50.8,6.66,Cotton
149,61,125,27.5,51.6,6.07,Cotton
163,67,103,34.0,48.5,6.75,Cotton
150,82,117,28.3,53.9,6.23,Cotton
174,87,177,27.7,63.9,6.97,Cotton
170,56,135,32.6,64.8,6.67,Cotton
219,103,128,25.9,51.6,6.31,Cotton
185,81,131,34.4,63.1,6.01,Cotton
191,74,178,27.2,45.6,6.61,Cotton
204,102,128,29.9,45.8,6.32,Cotton
215,108,112,33.7,53.2,6.53,Cotton
192,68,162,25.3,58.2,6.69,Cotton
148,59,171,27.1,49.9,6.59,Cotton
151,98,124,28.4,53.3,7.05,Cotton
216,58,142,27.7,55.5,5.91,Cotton
143,109,142,30.1,60.8,6.88,Cotton
140,94,101,25.2,52.8,6.72,Cotton
149,59,167,25.5,45.7,6.67,Cotton
165,83,111,31.6,64.6,6.62,Cotton
170,51,177,32.5,55.7,6.07,Cotton
147,96,140,27.2,55.4,6.35,Cotton
218,96,179,25.3,49.9,6.2,Cotton
180,66,112,30.6,50.7,6.76,Cotton
178,87,125,28.3,50.8,7.07,Cotton
148,89,146,26.6,64.9,6.23,Cotton
180,104,146,29.2,61.1,6.07,Cotton
208,90,123,29.1,52.8,7.16,Cotton
208,84,165,34.8,46.8,6.73,Cotton
210,85,112,30.8,46.9,7.11,Cotton
207,62,174,29.2,62.8,7.11,Cotton
146,58,175,26.9,54.9,6.35,Cotton
205,73,129,25.9,56.8,5.82,Cotton
202,84,143,26.0,46.9,6.42,Cotton
208,92,161,35.0,45.4,6.8,Cotton
202,65,137,31.7,53.9,6.39,Cotton
199,84,112,26.5,47.4,6.89,Cotton
149,70,145,33.5,57.6,6.48,Cotton
191,54,162,25.4,58.3,7.1,Cotton
154,107,115,32.5,49.1,6.67,Cotton
176,54,127,32.8,61.0,7.14,Cotton
190,91,137,26.0,54.5,6.82,Cotton
211,95,125,28.5,60.6,5.91,Cotton
169,63,111,33.0,55.3,6.96,Cotton
146,57,154,29.4,49.8,5.97,Cotton
150,58,159,32.6,62.6,6.48,Cotton
181,69,120,29.4,52.3,6.97,Cotton
153,105,162,28.1,63.8,6.87,Cotton
153,86,131,30.5,56.2,6.41,Cotton
175,82,163,28.0,56.3,6.62,Cotton
199,109,161,30.2,46.9,6.9,Cotton
206,54,110,30.6,49.2,6.94,Cotton
216,107,128,31.4,63.7,6.88,Cotton
220,75,119,25.9,57.3,6.29,Cotton
152,75,134,34.7,50.5,5.96,Cotton
160,79,144,30.5,49.2,6.71,Cotton
219,63,110,28.8,45.7,6.74,Cotton
192,85,153,30.3,50.0,7.07,Cotton
162,93,148,26.9,47.0,6.11,Cotton
173,90,109,34.8,60.5,7.19,Cotton
142,80,169,29.6,55.7,6.31,Cotton
168,61,155,33.4,51.5,6.02,Cotton
141,56,166,26.5,54.6,6.74,Cotton
197,59,124,31.5,59.7,7.14,Cotton
175,53,123,31.4,51.0,7.16,Cotton
185,96,130,31.6,49.1,6.15,Cotton
198,96,107,30.0,58.4,6.73,Cotton
159,72,124,32.6,45.2,7.11,Cotton
194,109,179,30.5,58.8,6.36,Cotton
198,102,112,29.2,55.8,5.83,Cotton
155,88,172,27.7,46.0,6.98,Cotton
178,61,123,29.0,48.8,6.33,Cotton
198,105,149,27.0,53.7,7.14,Cotton
182,55,157,29.3,49.8,6.99,Cotton
218,103,243,32.7,73.7,6.25,Sugarcane
238,82,224,34.6,72.0,7.13,Sugarcane
291,124,179,32.5,65.5,6.04,Sugarcane
188,117,250,26.8,70.6,6.36,Sugarcane
186,137,233,31.3,80.0,7.08,Sugarcane
221,136,166,33.3,73.8,7.35,Sugarcane
180,76,171,36.7,83.2,6.59,Sugarcane
228,100,177,31.3,75.6,6.62,Sugarcane
207,83,173,30.1,71.9,6.88,Sugarcane
199,108,207,31.9,76.9,7.19,Sugarcane
230,125,210,27.1,65.8,6.21,Sugarcane
194,77,181,29.5,77.4,6.06,Sugarcane
296,122,178,30.0,74.7,7.28,Sugarcane
201,72,198,31.2,78.5,7.11,Sugarcane
278,126,182,26.7,76.4,7.3,Sugarcane
229,135,233,35.7,71.0,6.69,Sugarcane
275,103,223,34.4,74.6,6.9,Sugarcane
242,120,229,32.4,73.7,7.11,Sugarcane
196,100,209,26.8,74.2,7.16,Sugarcane
260,104,175,37.2,83.5,6.77,Sugarcane
270,116,206,29.6,66.9,7.07,Sugarcane
298,117,178,33.2,69.6,6.22,Sugarcane
225,70,197,36.9,75.3,6.6,Sugarcane
199,98,248,37.8,76.9,7.15,Sugarcane
220,136,225,37.8,73.6,6.66,Sugarcane
289,128,209,28.1,70.4,6.48,Sugarcane
256,112,225,36.3,76.3,6.15,Sugarcane
193,81,230,33.5,65.1,7.13,Sugarcane
224,98,185,35.3,65.5,7.47,Sugarcane
293,122,228,28.1,67.9,6.89,Sugarcane
210,107,194,32.9,66.9,6.53,Sugarcane
258,137,224,35.7,75.2,7.12,Sugarcane
193,79,177,35.9,68.2,7.01,Sugarcane
287,125,232,30.1,82.3,6.21,Sugarcane
283,112,219,29.9,84.8,6.61,Sugarcane
198,93,190,34.0,75.6,7.07,Sugarcane
276,78,198,31.0,82.3,7.42,Sugarcane
233,125,226,32.6,75.7,6.1,Sugarcane
277,72,179,35.4,73.7,6.79,Sugarcane
241,117,245,33.3,83.1,7.31,Sugarcane
207,106,209,33.7,73.2,6.03,Sugarcane
285,137,178,28.9,66.1,6.79,Sugarcane
218,134,206,29.0,72.9,7.38,Sugarcane
252,118,234,27.8,76.3,6.35,Sugarcane
243,91,208,26.0,72.1,6.39,Sugarcane
227,137,176,33.2,73.3,6.35,Sugarcane
231,115,224,35.9,72.6,6.48,Sugarcane
256,112,218,31.2,80.4,7.33,Sugarcane
266,98,194,37.3,68.7,6.17,Sugarcane
189,121,170,30.5,66.1,6.89,Sugarcane
197,96,215,35.3,84.1,7.03,Sugarcane
211,131,226,34.5,71.9,6.01,Sugarcane
194,110,199,29.5,73.1,6.92,Sugarcane
293,93,219,33.6,82.5,6.02,Sugarcane
265,110,235,29.5,77.1,6.43,Sugarcane
283,78,213,27.3,68.2,6.84,Sugarcane
247,91,215,27.5,73.9,7.02,Sugarcane
267,108,225,26.6,66.1,7.0,Sugarcane
219,138,237,29.2,67.0,6.05,Sugarcane
292,104,171,36.1,73.9,6.77,Sugarcane
283,129,229,37.5,66.6,6.08,Sugarcane
269,96,166,36.5,67.5,6.85,Sugarcane
272,138,227,33.1,78.9,6.98,Sugarcane
274,73,170,36.2,66.5,6.32,Sugarcane
243,125,218,36.2,83.9,6.38,Sugarcane
245,90,169,37.6,65.9,6.16,Sugarcane
272,119,241,29.1,84.5,7.08,Sugarcane
218,89,232,27.9,83.2,6.19,Sugarcane
202,100,219,30.8,68.9,6.58,Sugarcane
292,122,202,33.6,78.1,6.84,Sugarcane
280,90,218,31.1,84.3,6.07,Sugarcane
284,115,242,28.0,66.2,6.05,Sugarcane
265,118,227,37.5,80.2,6.45,Sugarcane
244,94,208,31.0,84.6,6.95,Sugarcane
215,139,187,34.6,80.4,6.26,Sugarcane
213,108,199,30.8,71.7,6.56,Sugarcane
247,76,176,35.8,80.7,6.01,Sugarcane
269,99,245,30.6,82.7,7.32,Sugarcane
273,79,211,31.6,78.7,6.96,Sugarcane
293,113,234,33.4,72.3,6.67,Sugarcane
282,128,183,26.2,75.7,6.15,Sugarcane
221,105,246,27.9,84.8,6.99,Sugarcane
291,78,192,28.4,76.6,6.85,Sugarcane
248,133,217,27.6,73.5,6.69,Sugarcane
295,125,186,34.8,84.0,7.39,Sugarcane
251,100,247,37.2,66.1,7.25,Sugarcane
202,121,226,37.5,68.9,7.09,Sugarcane
207,102,179,34.9,80.2,6.54,Sugarcane
260,89,202,37.0,80.1,6.4,Sugarcane
280,106,176,33.8,76.1,6.3,Sugarcane
273,74,175,36.5,70.5,6.96,Sugarcane
230,119,207,32.1,72.3,6.59,Sugarcane
262,105,205,34.2,81.2,7.45,Sugarcane
250,100,168,37.3,76.4,7.07,Sugarcane
299,135,212,26.8,81.3,7.5,Sugarcane
215,130,195,34.7,79.2,6.73,Sugarcane
295,75,168,28.9,79.7,6.22,Sugarcane
265,117,184,34.1,70.3,7.01,Sugarcane
234,97,235,38.0,67.4,7.41,Sugarcane
215,123,235,29.4,73.5,6.77,Sugarcane
300,137,236,36.1,70.1,7.34,Sugarcane
234,126,206,31.3,70.8,7.24,Sugarcane
215,130,194,32.2,78.5,6.77,Sugarcane
222,123,165,35.4,69.9,6.29,Sugarcane
244,117,187,31.4,83.0,6.09,Sugarcane
276,81,169,32.1,65.4,6.88,Sugarcane
270,137,221,36.5,69.9,6.71,Sugarcane
269,116,229,28.2,70.5,7.22,Sugarcane
182,127,226,35.7,72.9,6.02,Sugarcane
285,126,212,33.6,66.6,6.89,Sugarcane
248,76,248,35.4,82.0,6.94,Sugarcane
196,93,224,26.2,79.2,7.48,Sugarcane
257,96,193,36.4,66.0,6.96,Sugarcane
233,91,247,28.8,69.9,6.52,Sugarcane
283,115,250,35.7,82.4,6.07,Sugarcane
219,96,240,37.1,70.2,7.12,Sugarcane
257,138,208,37.7,73.6,6.43,Sugarcane
222,128,221,28.1,71.4,7.26,Sugarcane
300,131,247,27.6,83.7,6.12,Sugarcane
253,101,201,26.6,79.8,6.68,Sugarcane
268,118,186,28.6,83.5,7.46,Sugarcane
205,117,201,35.7,84.5,7.46,Sugarcane
191,119,213,32.5,81.6,7.26,Sugarcane
248,118,192,32.0,74.6,7.02,Sugarcane
223,136,243,29.0,81.9,7.32,Sugarcane
257,124,195,32.2,72.5,6.29,Sugarcane
207,110,248,33.8,77.5,6.91,Sugarcane
202,83,224,33.3,66.2,7.41,Sugarcane
284,100,162,26.4,65.1,7.34,Sugarcane
289,140,227,32.0,65.7,7.45,Sugarcane
181,117,209,34.8,66.0,6.14,Sugarcane
244,103,169,37.5,72.6,6.43,Sugarcane
271,70,195,28.5,79.8,6.75,Sugarcane
235,92,192,27.1,77.1,6.58,Sugarcane
246,137,178,33.4,83.6,6.23,Sugarcane
296,137,160,35.8,77.5,7.38,Sugarcane
189,78,247,30.2,71.4,6.42,Sugarcane
261,89,185,37.5,76.2,7.18,Sugarcane
282,74,161,33.0,70.4,6.74,Sugarcane
189,110,243,34.9,78.2,6.99,Sugarcane
199,115,192,27.4,71.3,6.61,Sugarcane
255,72,203,35.2,80.5,6.02,Sugarcane
192,123,210,31.6,84.3,6.23,Sugarcane
296,122,160,29.4,78.1,6.7,Sugarcane
253,85,236,34.7,80.2,6.89,Sugarcane
262,85,180,34.1,69.0,6.48,Sugarcane
222,81,193,31.9,75.0,6.04,Sugarcane
210,102,225,28.2,80.0,6.29,Sugarcane
230,76,237,37.7,82.6,6.89,Sugarcane
299,140,201,34.2,69.0,6.82,Sugarcane
254,74,199,37.8,69.0,6.37,Sugarcane
252,130,163,28.1,67.2,7.42,Sugarcane
254,73,245,35.5,76.7,6.92,Sugarcane
248,92,228,36.3,65.2,7.32,Sugarcane
262,114,246,32.5,81.9,7.26,Sugarcane
184,97,232,34.5,83.1,6.08,Sugarcane
259,93,184,29.0,70.0,7.36,Sugarcane
199,77,248,30.6,82.3,6.06,Sugarcane
292,83,169,33.2,69.1,6.17,Sugarcane
276,131,233,36.0,71.7,6.35,Sugarcane
231,87,224,26.7,73.8,6.83,Sugarcane
243,116,234,37.2,74.0,7.41,Sugarcane
220,72,180,35.1,77.1,6.85,Sugarcane
276,98,241,32.3,66.6,7.25,Sugarcane
249,112,242,31.1,79.6,6.63,Sugarcane
239,112,236,29.3,67.7,7.0,Sugarcane
266,102,173,34.1,84.3,7.04,Sugarcane
197,105,245,31.7,71.7,7.5,Sugarcane
217,108,225,36.3,71.8,6.05,Sugarcane
257,118,250,29.7,82.5,6.47,Sugarcane
238,115,196,35.7,74.4,7.41,Sugarcane
291,134,165,30.1,83.3,7.33,Sugarcane
249,75,162,27.2,69.3,6.58,Sugarcane
202,120,211,33.5,78.3,6.75,Sugarcane
181,105,250,28.8,70.6,6.43,Sugarcane
228,107,197,26.2,67.9,6.2,Sugarcane
295,85,246,35.3,70.1,6.62,Sugarcane
206,74,193,29.0,79.4,7.01,Sugarcane
292,70,248,32.0,69.9,6.97,Sugarcane
254,107,177,26.2,77.1,6.51,Sugarcane
221,105,199,27.8,82.7,6.45,Sugarcane
231,133,164,26.5,77.8,7.14,Sugarcane
261,113,164,31.4,74.5,6.37,Sugarcane
215,80,176,35.3,83.7,6.45,Sugarcane
194,131,215,27.3,82.9,6.71,Sugarcane
192,132,228,31.9,80.5,7.03,Sugarcane
193,124,164,27.4,65.1,7.46,Sugarcane
229,80,162,34.9,84.4,6.78,Sugarcane
202,70,207,30.5,80.4,7.25,Sugarcane
270,89,176,34.4,77.9,6.61,Sugarcane
259,113,173,32.3,68.8,6.25,Sugarcane
243,96,212,29.8,68.4,7.16,Sugarcane
223,115,196,30.8,75.0,7.4,Sugarcane
227,140,240,26.4,84.4,7.01,Sugarcane
211,123,243,34.9,71.5,7.05,Sugarcane
186,81,236,33.3,78.3,6.09,Sugarcane
245,94,184,33.8,76.6,6.05,Sugarcane
270,84,244,31.6,84.0,6.97,Sugarcane
196,114,197,34.3,71.3,7.22,Sugarcane
273,106,190,34.0,67.0,6.34,Sugarcane
192,122,231,28.9,70.3,6.66,Sugarcane
232,120,160,27.1,78.8,6.79,Sugarcane
226,118,245,27.0,72.7,6.97,Sugarcane
258,78,249,35.2,72.1,6.32,Sugarcane
264,112,190,32.0,67.1,6.37,Sugarcane
199,118,213,27.2,82.8,7.15,Sugarcane
280,135,194,33.1,69.9,7.22,Sugarcane
218,80,163,33.3,84.1,6.23,Sugarcane
297,96,164,28.4,72.1,6.56,Sugarcane
222,96,240,37.0,71.9,6.37,Sugarcane
240,126,164,34.3,65.8,6.94,Sugarcane
215,109,197,31.4,69.2,6.28,Sugarcane
298,92,241,29.2,78.3,6.13,Sugarcane
214,134,240,27.9,83.6,6.04,Sugarcane
184,139,196,28.8,74.7,6.65,Sugarcane
185,99,217,31.6,68.3,7.45,Sugarcane
242,133,226,28.2,71.3,6.27,Sugarcane
291,85,195,37.6,70.1,6.08,Sugarcane
237,85,188,33.3,78.7,6.69,Sugarcane
215,96,186,34.3,84.0,7.13,Sugarcane
235,120,249,31.3,66.4,7.4,Sugarcane
271,78,223,30.1,78.3,6.06,Sugarcane
272,85,184,27.2,74.2,7.33,Sugarcane
235,111,232,36.6,74.2,7.43,Sugarcane
219,72,250,32.8,73.0,6.01,Sugarcane
232,79,171,33.8,65.3,6.68,Sugarcane
194,112,231,33.4,81.7,6.15,Sugarcane
272,101,239,32.1,82.3,7.24,Sugarcane
271,78,249,32.2,74.7,6.05,Sugarcane
239,131,220,28.6,80.6,6.92,Sugarcane
222,72,203,29.2,84.6,7.19,Sugarcane
260,120,184,29.3,83.8,6.35,Sugarcane
264,119,186,37.0,82.4,6.09,Sugarcane
225,121,249,35.0,80.3,6.55,Sugarcane
273,105,180,28.4,81.9,6.87,Sugarcane
266,128,230,37.1,74.5,6.54,Sugarcane
271,87,196,32.9,75.6,6.11,Sugarcane
275,140,169,33.8,70.9,6.01,Sugarcane
246,105,182,29.1,73.9,6.89,Sugarcane
232,85,206,27.3,81.1,6.18,Sugarcane
242,82,186,27.0,66.2,7.0,Sugarcane
215,88,238,34.0,81.6,6.26,Sugarcane
245,100,215,29.9,67.1,7.19,Sugarcane
281,90,186,37.6,70.8,6.62,Sugarcane
251,109,170,31.2,76.3,7.38,Sugarcane
259,94,220,27.1,78.0,6.86,Sugarcane
194,112,174,31.6,67.4,7.26,Sugarcane
257,115,217,35.7,73.2,6.89,Sugarcane
235,123,164,36.7,77.3,6.03,Sugarcane
278,109,166,36.3,74.6,6.28,Sugarcane
250,83,164,33.5,77.2,7.33,Sugarcane
211,122,186,26.7,74.4,7.2,Sugarcane
273,123,225,33.4,70.3,6.35,Sugarcane
239,80,173,26.7,76.0,6.12,Sugarcane
279,90,238,37.1,81.3,6.78,Sugarcane
232,94,188,33.1,68.4,7.4,Sugarcane
247,88,196,32.2,69.4,7.25,Sugarcane
231,100,220,35.2,75.2,6.05,Sugarcane
249,117,193,32.8,74.2,6.25,Sugarcane
187,84,175,29.0,72.5,7.39,Sugarcane
299,97,249,32.2,76.5,6.26,Sugarcane
215,108,224,32.8,70.5,6.79,Sugarcane
207,95,244,28.2,67.4,7.16,Sugarcane
230,97,160,32.8,78.2,6.74,Sugarcane
197,118,181,35.9,65.3,7.01,Sugarcane
225,118,178,32.8,71.4,7.06,Sugarcane
257,135,214,28.3,70.5,6.85,Sugarcane
193,94,250,35.9,66.4,6.21,Sugarcane
198,111,210,29.7,79.8,7.41,Sugarcane
221,97,169,33.5,82.2,6.05,Sugarcane
257,118,170,35.5,82.6,6.73,Sugarcane
257,120,164,30.1,75.6,6.41,Sugarcane
220,99,180,32.7,69.2,6.95,Sugarcane
221,82,178,34.0,71.9,6.64,Sugarcane
298,70,246,26.2,74.1,6.68,Sugarcane
279,134,198,32.3,77.7,6.99,Sugarcane
276,108,188,27.2,84.6,6.23,Sugarcane
221,127,161,30.5,77.4,7.43,Sugarcane
219,114,216,27.7,70.6,7.46,Sugarcane
277,102,174,36.9,69.7,6.29,Sugarcane
222,109,248,30.2,71.9,6.35,Sugarcane
249,101,191,33.0,67.7,7.3,Sugarcane
229,72,187,29.8,74.8,6.93,Sugarcane
200,120,182,36.8,74.3,6.99,Sugarcane
251,86,214,30.6,68.9,6.97,Sugarcane
182,136,187,26.7,65.5,6.81,Sugarcane
241,111,209,27.1,76.8,7.38,Sugarcane
272,94,238,27.5,81.3,6.78,Sugarcane
281,101,200,29.7,73.8,7.29,Sugarcane
263,71,245,26.7,76.2,7.36,Sugarcane
280,99,167,36.2,71.5,7.45,Sugarcane
202,88,208,34.0,76.5,6.2,Sugarcane
255,137,171,35.4,78.9,6.78,Sugarcane
206,79,208,27.6,67.4,6.16,Sugarcane
245,71,160,38.0,76.2,6.21,Sugarcane
261,118,161,26.9,65.5,7.15,Sugarcane
196,75,222,34.1,69.4,6.08,Sugarcane
270,85,200,27.3,66.1,6.32,Sugarcane
290,135,215,31.0,80.2,6.29,Sugarcane
219,93,237,28.6,72.1,7.22,Sugarcane
194,75,223,36.4,71.1,7.22,Sugarcane
272,74,163,29.2,71.6,6.03,Sugarcane
264,80,183,26.3,70.8,7.34,Sugarcane
233,99,186,32.4,78.1,7.43,Sugarcane
182,87,167,29.6,84.3,6.97,Sugarcane
253,135,213,36.7,81.3,6.28,Sugarcane
201,123,163,35.0,79.5,6.03,Sugarcane
244,101,162,30.6,80.9,6.71,Sugarcane
280,129,231,27.3,69.7,6.1,Sugarcane
200,89,232,28.1,73.6,7.02,Sugarcane
193,113,206,26.7,66.3,6.14,Sugarcane
223,129,194,34.0,68.1,6.55,Sugarcane
275,85,232,31.6,77.1,6.39,Sugarcane
266,125,162,33.5,72.3,6.39,Sugarcane
246,96,160,34.0,81.0,6.33,Sugarcane
188,105,164,36.1,73.7,6.26,Sugarcane
222,133,208,37.5,69.5,6.06,Sugarcane
197,90,194,36.3,72.6,7.34,Sugarcane
275,96,170,28.6,80.4,6.94,Sugarcane
298,104,230,36.1,73.4,6.43,Sugarcane
253,105,178,35.5,74.0,7.36,Sugarcane
295,113,245,31.7,77.9,6.25,Sugarcane
203,90,176,28.5,77.2,6.28,Sugarcane
222,91,232,29.9,74.1,6.48,Sugarcane
258,103,172,34.1,72.3,6.61,Sugarcane
217,99,214,35.0,77.0,6.22,Sugarcane
245,134,185,33.9,74.7,6.14,Sugarcane
219,136,195,32.0,80.2,6.03,Sugarcane
233,140,250,34.4,78.7,6.53,Sugarcane
246,76,221,32.1,73.0,6.47,Sugarcane
188,71,232,33.4,74.4,6.28,Sugarcane
277,112,237,32.0,67.8,6.92,Sugarcane
245,83,182,26.1,79.3,6.29,Sugarcane
223,112,166,31.6,84.8,7.14,Sugarcane
233,119,208,28.5,84.9,6.26,Sugarcane
267,71,177,37.3,82.1,6.32,Sugarcane
201,86,178,34.8,78.5,7.25,Sugarcane
228,124,210,37.1,78.5,6.67,Sugarcane
201,102,194,37.4,73.1,7.48,Sugarcane
239,90,178,32.4,78.6,6.52,Sugarcane
293,108,166,26.9,84.8,7.21,Sugarcane
226,101,218,30.9,69.8,7.05,Sugarcane
256,135,162,30.8,81.0,7.09,Sugarcane
231,78,220,26.3,72.1,6.57,Sugarcane
267,87,198,34.4,77.5,7.33,Sugarcane
222,121,238,35.6,83.2,7.4,Sugarcane
298,130,199,27.3,83.4,6.13,Sugarcane
192,136,181,29.0,71.6,7.37,Sugarcane
252,105,181,36.5,80.7,6.16,Sugarcane
250,71,196,29.4,66.0,6.7,Sugarcane
278,76,201,31.9,79.0,6.19,Sugarcane
213,110,234,27.7,66.0,7.45,Sugarcane
232,126,237,37.8,76.1,6.77,Sugarcane
244,85,201,30.5,82.4,6.39,Sugarcane
255,136,197,35.1,69.5,7.46,Sugarcane
208,132,203,36.7,81.0,6.25,Sugarcane
190,112,226,36.2,82.0,6.92,Sugarcane
276,89,229,32.3,66.2,7.38,Sugarcane
241,75,161,35.2,72.6,6.83,Sugarcane
222,95,229,34.0,76.3,6.48,Sugarcane
277,106,233,32.9,84.4,6.4,Sugarcane
284,104,183,27.7,83.4,6.77,Sugarcane
188,105,230,32.9,75.7,6.49,Sugarcane
263,99,242,32.0,75.7,6.14,Sugarcane
256,79,203,29.9,71.1,7.1,Sugarcane
185,129,215,31.4,65.8,7.27,Sugarcane
271,79,163,32.0,80.9,6.82,Sugarcane
222,135,213,26.0,67.1,6.82,Sugarcane
187,87,197,33.7,72.1,6.6,Sugarcane
283,120,220,30.6,77.0,7.04,Sugarcane
253,113,202,31.8,68.3,7.0,Sugarcane
237,81,160,29.9,84.5,6.98,Sugarcane
224,121,182,37.2,80.1,7.03,Sugarcane
296,94,206,29.2,76.7,6.38,Sugarcane
231,103,222,36.0,67.7,7.44,Sugarcane
253,105,164,29.2,80.0,7.13,Sugarcane
186,87,161,26.5,81.9,6.27,Sugarcane
283,124,160,37.9,85.0,6.82,Sugarcane
298,94,242,28.8,77.1,6.56,Sugarcane
281,78,235,31.7,71.8,7.06,Sugarcane
220,72,188,27.1,83.7,6.6,Sugarcane
180,117,193,36.7,81.4,7.12,Sugarcane
260,79,228,26.8,74.1,7.28,Sugarcane
198,119,208,33.5,82.8,6.67,Sugarcane
193,77,198,36.1,70.5,6.85,Sugarcane
215,100,189,31.2,78.4,7.4,Sugarcane
232,121,160,27.2,81.3,7.29,Sugarcane
231,130,237,28.2,74.7,6.89,Sugarcane
279,70,246,31.0,84.9,7.46,Sugarcane
295,93,207,28.4,69.2,7.44,Sugarcane
232,124,183,37.4,82.7,7.26,Sugarcane
209,120,226,35.1,77.7,6.39,Sugarcane
184,86,174,32.7,78.8,6.85,Sugarcane
217,134,218,36.2,76.4,6.02,Sugarcane
183,111,221,32.6,66.4,6.62,Sugarcane
197,110,190,27.2,74.3,7.25,Sugarcane
294,121,226,33.1,70.4,7.06,Sugarcane
204,81,187,29.8,77.5,6.26,Sugarcane
267,103,235,34.0,77.2,7.07,Sugarcane
218,130,211,31.3,81.7,6.51,Sugarcane
